Section No.;Member;Node;Location;;;Forces [kN];;;Moments [kNm];;;
;No.;No.;x [m];Flags;;N;V_y / V_u;V_z / V_v;M_T;M_y / M_u;M_z / M_v;Section (Material) | Member Comment
1;IPE 200 | 1 - S235;;;;;;;;;;;
1;26;3;0.0000000000000000;L | M;;-4.40;-0.86;26.41;0.00;-15.05;-0.80;Beam | 1 - IPE 200 | L : 4.000 m | steel beam
1;26;;0.4444444444444444;E;;-4.39;-0.70;21.73;0.00;-4.33;-0.71;Beam | 1 - IPE 200 | L : 4.000 m | steel beam
1;26;;0.8888888888888888;E;;-4.40;-0.55;16.54;0.00;4.19;-0.61;Beam | 1 - IPE 200 | L : 4.000 m | steel beam
1;26;;1.3333333333333333;R | E;;-4.43;-0.39;10.86;0.00;10.30;-0.51;Beam | 1 - IPE 200 | L : 4.000 m | steel beam
1;26;;1.7777777777777777;E;;-4.45;-0.23;4.69;0.00;13.78;-0.41;Beam | 1 - IPE 200 | L : 4.000 m | steel beam
1;26;;2.0000000000000000;E;;-4.46;-0.15;1.41;0.00;14.46;-0.36;Beam | 1 - IPE 200 | L : 4.000 m | steel beam
1;26;;2.2222222222222223;E;;-4.46;-0.07;-1.98;0.00;14.40;-0.31;Beam | 1 - IPE 200 | L : 4.000 m | steel beam
1;26;;2.6666666666666665;R | E;;-4.44;0.09;-9.15;0.00;11.94;-0.21;Beam | 1 - IPE 200 | L : 4.000 m | steel beam
1;26;;3.1111111111111116;E;;-4.41;0.25;-16.81;0.00;6.19;-0.11;Beam | 1 - IPE 200 | L : 4.000 m | steel beam
1;26;;3.5555555555555562;E;;-4.38;0.41;-24.95;0.00;-3.08;-0.01;Beam | 1 - IPE 200 | L : 4.000 m | steel beam
1;26;21;4.0000000000000000;L | M;;-4.39;0.57;-33.59;0.00;-16.07;0.09;Beam | 1 - IPE 200 | L : 4.000 m | steel beam
1;28;6;0.0000000000000000;L | M;;-5.94;0.03;27.98;-0.02;-17.48;0.04;Beam | 1 - IPE 200 | L : 4.000 m | steel beam
1;28;;0.4444444444444444;E;;-5.92;0.00;23.29;-0.02;-6.07;0.05;Beam | 1 - IPE 200 | L : 4.000 m | steel beam
1;28;;0.8888888888888888;E;;-5.94;-0.04;18.11;-0.02;3.15;0.05;Beam | 1 - IPE 200 | L : 4.000 m | steel beam
1;28;;1.3333333333333333;R | E;;-5.97;-0.07;12.42;-0.02;9.95;0.06;Beam | 1 - IPE 200 | L : 4.000 m | steel beam
1;28;;1.7777777777777777;E;;-5.99;-0.11;6.24;-0.02;14.12;0.07;Beam | 1 - IPE 200 | L : 4.000 m | steel beam
1;28;;2.0000000000000000;E;;-6.00;-0.12;2.97;-0.02;15.15;0.07;Beam | 1 - IPE 200 | L : 4.000 m | steel beam
1;28;;2.2222222222222223;E;;-6.00;-0.14;-0.43;-0.02;15.43;0.07;Beam | 1 - IPE 200 | L : 4.000 m | steel beam
1;28;;2.6666666666666665;R | E;;-5.99;-0.17;-7.60;-0.02;13.66;0.08;Beam | 1 - IPE 200 | L : 4.000 m | steel beam
1;28;;3.1111111111111116;E;;-5.96;-0.21;-15.26;-0.02;8.60;0.09;Beam | 1 - IPE 200 | L : 4.000 m | steel beam
1;28;;3.5555555555555562;E;;-5.92;-0.24;-23.41;-0.02;0.02;0.09;Beam | 1 - IPE 200 | L : 4.000 m | steel beam
1;28;24;4.0000000000000000;L | M;;-5.91;-0.28;-32.05;-0.01;-12.29;0.10;Beam | 1 - IPE 200 | L : 4.000 m | steel beam
1;30;9;0.0000000000000000;L | M;;-6.32;0.01;26.46;0.00;-16.57;0.01;Beam | 1 - IPE 200 | L : 4.000 m | steel beam
1;30;;0.4444444444444444;E;;-6.30;0.01;21.78;0.00;-5.83;0.01;Beam | 1 - IPE 200 | L : 4.000 m | steel beam
1;30;;0.8888888888888888;E;;-6.32;0.00;16.59;0.00;2.72;0.01;Beam | 1 - IPE 200 | L : 4.000 m | steel beam
1;30;;1.3333333333333333;R | E;;-6.34;0.00;10.91;0.00;8.85;0.01;Beam | 1 - IPE 200 | L : 4.000 m | steel beam
1;30;;1.7777777777777777;E;;-6.36;0.00;4.73;0.00;12.34;0.01;Beam | 1 - IPE 200 | L : 4.000 m | steel beam
1;30;;2.0000000000000000;E;;-6.37;0.00;1.45;0.00;13.03;0.01;Beam | 1 - IPE 200 | L : 4.000 m | steel beam
1;30;;2.2222222222222223;E;;-6.37;0.00;-1.94;0.00;12.98;0.01;Beam | 1 - IPE 200 | L : 4.000 m | steel beam
1;30;;2.6666666666666665;R | E;;-6.35;-0.01;-9.11;0.00;10.54;0.01;Beam | 1 - IPE 200 | L : 4.000 m | steel beam
1;30;;3.1111111111111116;E;;-6.33;-0.01;-16.77;0.00;4.81;0.01;Beam | 1 - IPE 200 | L : 4.000 m | steel beam
1;30;;3.5555555555555562;E;;-6.31;-0.01;-24.92;0.00;-4.44;0.01;Beam | 1 - IPE 200 | L : 4.000 m | steel beam
1;30;27;4.0000000000000000;L | M;;-6.32;-0.01;-33.56;0.00;-17.42;0.01;Beam | 1 - IPE 200 | L : 4.000 m | steel beam
1;32;12;0.0000000000000000;L | M;;-6.33;0.00;26.46;0.00;-16.57;0.00;Beam | 1 - IPE 200 | L : 4.000 m | steel beam
1;32;;0.4444444444444444;E;;-6.31;0.00;21.78;0.00;-5.83;0.00;Beam | 1 - IPE 200 | L : 4.000 m | steel beam
1;32;;0.8888888888888888;E;;-6.32;0.00;16.59;0.00;2.72;0.00;Beam | 1 - IPE 200 | L : 4.000 m | steel beam
1;32;;1.3333333333333333;R | E;;-6.35;0.00;10.91;0.00;8.85;0.00;Beam | 1 - IPE 200 | L : 4.000 m | steel beam
1;32;;1.7777777777777777;E;;-6.37;0.00;4.73;0.00;12.34;0.00;Beam | 1 - IPE 200 | L : 4.000 m | steel beam
1;32;;2.0000000000000000;E;;-6.37;0.00;1.45;0.00;13.03;0.00;Beam | 1 - IPE 200 | L : 4.000 m | steel beam
1;32;;2.2222222222222223;E;;-6.37;0.00;-1.95;0.00;12.98;0.00;Beam | 1 - IPE 200 | L : 4.000 m | steel beam
1;32;;2.6666666666666665;R | E;;-6.36;0.00;-9.11;0.00;10.54;0.00;Beam | 1 - IPE 200 | L : 4.000 m | steel beam
1;32;;3.1111111111111116;E;;-6.33;0.00;-16.77;0.00;4.80;0.00;Beam | 1 - IPE 200 | L : 4.000 m | steel beam
1;32;;3.5555555555555562;E;;-6.31;0.00;-24.92;0.00;-4.44;0.00;Beam | 1 - IPE 200 | L : 4.000 m | steel beam
1;32;30;4.0000000000000000;L | M;;-6.33;0.01;-33.56;0.00;-17.42;0.00;Beam | 1 - IPE 200 | L : 4.000 m | steel beam
1;34;15;0.0000000000000000;L | M;;-6.31;-0.02;26.46;0.00;-16.56;-0.01;Beam | 1 - IPE 200 | L : 4.000 m | steel beam
1;34;;0.4444444444444444;E;;-6.29;-0.01;21.78;0.00;-5.82;-0.01;Beam | 1 - IPE 200 | L : 4.000 m | steel beam
1;34;;0.8888888888888888;E;;-6.30;-0.01;16.59;0.00;2.72;-0.01;Beam | 1 - IPE 200 | L : 4.000 m | steel beam
1;34;;1.3333333333333333;R | E;;-6.32;0.00;10.91;0.00;8.86;-0.01;Beam | 1 - IPE 200 | L : 4.000 m | steel beam
1;34;;1.7777777777777777;E;;-6.34;0.00;4.73;0.00;12.35;-0.01;Beam | 1 - IPE 200 | L : 4.000 m | steel beam
1;34;;2.0000000000000000;E;;-6.35;0.00;1.45;0.00;13.04;-0.01;Beam | 1 - IPE 200 | L : 4.000 m | steel beam
1;34;;2.2222222222222223;E;;-6.35;0.00;-1.95;0.00;12.99;-0.01;Beam | 1 - IPE 200 | L : 4.000 m | steel beam
1;34;;2.6666666666666665;R | E;;-6.34;0.01;-9.11;0.00;10.55;-0.01;Beam | 1 - IPE 200 | L : 4.000 m | steel beam
1;34;;3.1111111111111116;E;;-6.31;0.01;-16.77;0.00;4.81;-0.01;Beam | 1 - IPE 200 | L : 4.000 m | steel beam
1;34;;3.5555555555555562;E;;-6.29;0.02;-24.92;0.00;-4.44;-0.01;Beam | 1 - IPE 200 | L : 4.000 m | steel beam
1;34;33;4.0000000000000000;L | M;;-6.31;0.02;-33.56;0.00;-17.42;-0.01;Beam | 1 - IPE 200 | L : 4.000 m | steel beam
1;36;18;0.0000000000000000;L | M;;-6.18;0.44;26.53;-0.01;-16.60;-0.08;Beam | 1 - IPE 200 | L : 4.000 m | steel beam
1;36;;0.4444444444444444;E;;-6.16;0.27;21.85;-0.01;-5.83;0.03;Beam | 1 - IPE 200 | L : 4.000 m | steel beam
1;36;;0.8888888888888888;E;;-6.17;0.09;16.66;0.00;2.75;0.14;Beam | 1 - IPE 200 | L : 4.000 m | steel beam
1;36;;1.3333333333333333;R | E;;-6.20;-0.08;10.98;0.00;8.92;0.26;Beam | 1 - IPE 200 | L : 4.000 m | steel beam
1;36;;1.7777777777777777;E;;-6.22;-0.25;4.81;0.00;12.44;0.37;Beam | 1 - IPE 200 | L : 4.000 m | steel beam
1;36;;2.0000000000000000;E;;-6.22;-0.33;1.53;0.00;13.15;0.43;Beam | 1 - IPE 200 | L : 4.000 m | steel beam
1;36;;2.2222222222222223;E;;-6.22;-0.42;-1.87;0.00;13.11;0.48;Beam | 1 - IPE 200 | L : 4.000 m | steel beam
1;36;;2.6666666666666665;R | E;;-6.21;-0.59;-9.03;0.00;10.71;0.60;Beam | 1 - IPE 200 | L : 4.000 m | steel beam
1;36;;3.1111111111111116;E;;-6.18;-0.76;-16.69;0.00;5.01;0.71;Beam | 1 - IPE 200 | L : 4.000 m | steel beam
1;36;;3.5555555555555562;E;;-6.16;-0.92;-24.84;0.00;-4.21;0.82;Beam | 1 - IPE 200 | L : 4.000 m | steel beam
1;36;36;4.0000000000000000;L | M;;-6.18;-1.09;-33.47;0.00;-17.15;0.93;Beam | 1 - IPE 200 | L : 4.000 m | steel beam
Extremes;26;;3.5555555555555562;E;N;-4.38;0.41;-24.95;0.00;-3.08;-0.01;Beam | 1 - IPE 200 | L : 4.000 m | steel beam
1;32;;2.2222222222222223;E;N;-6.37;0.00;-1.95;0.00;12.98;0.00;Beam | 1 - IPE 200 | L : 4.000 m | steel beam
1;26;21;4.0000000000000000;L | M;V_y;-4.39;0.57;-33.59;0.00;-16.07;0.09;Beam | 1 - IPE 200 | L : 4.000 m | steel beam
1;36;36;4.0000000000000000;L | M;V_y;-6.18;-1.09;-33.47;0.00;-17.15;0.93;Beam | 1 - IPE 200 | L : 4.000 m | steel beam
1;28;6;0.0000000000000000;L | M;V_z;-5.94;0.03;27.98;-0.02;-17.48;0.04;Beam | 1 - IPE 200 | L : 4.000 m | steel beam
1;26;21;4.0000000000000000;L | M;V_z;-4.39;0.57;-33.59;0.00;-16.07;0.09;Beam | 1 - IPE 200 | L : 4.000 m | steel beam
1;26;3;0.0000000000000000;L | M;M_T;-4.40;-0.86;26.41;0.00;-15.05;-0.80;Beam | 1 - IPE 200 | L : 4.000 m | steel beam
1;28;6;0.0000000000000000;L | M;M_T;-5.94;0.03;27.98;-0.02;-17.48;0.04;Beam | 1 - IPE 200 | L : 4.000 m | steel beam
1;28;;2.2222222222222223;E;M_y;-6.00;-0.14;-0.43;-0.02;15.43;0.07;Beam | 1 - IPE 200 | L : 4.000 m | steel beam
1;28;6;0.0000000000000000;L | M;M_y;-5.94;0.03;27.98;-0.02;-17.48;0.04;Beam | 1 - IPE 200 | L : 4.000 m | steel beam
1;36;36;4.0000000000000000;L | M;M_z;-6.18;-1.09;-33.47;0.00;-17.15;0.93;Beam | 1 - IPE 200 | L : 4.000 m | steel beam
1;26;3;0.0000000000000000;L | M;M_z;-4.40;-0.86;26.41;0.00;-15.05;-0.80;Beam | 1 - IPE 200 | L : 4.000 m | steel beam
Total;;;;;;-4.38;0.57;27.98;0.00;15.43;0.93;
1;;;;;;-6.37;-1.09;-33.59;-0.02;-17.48;-0.80;
;;;;;;;;;;;;
2;R_M1 500/1000 | 2 - C20/25;;;;;;;;;;;
2;25;2;0.0000000000000000;L | M;;-3.43;-30.07;-20.67;63.43;-25.79;3.86;Beam | 2 - R_M1 500/1000 | L : 4.000 m | concrete beam
2;25;;0.4444444444444444;E;;-12.28;-7.65;-2.11;35.21;-30.24;8.85;Beam | 2 - R_M1 500/1000 | L : 4.000 m | concrete beam
2;25;;0.5000000000000000;M;;-13.39;-4.85;0.21;31.68;-30.80;9.47;Beam | 2 - R_M1 500/1000 | L : 4.000 m | concrete beam
2;25;;0.5000000000000000;M;;-13.39;-4.85;0.21;31.68;-30.80;9.47;Beam | 2 - R_M1 500/1000 | L : 4.000 m | concrete beam
2;25;;0.8888888888888888;E;;-19.24;3.19;7.03;14.25;-26.06;5.13;Beam | 2 - R_M1 500/1000 | L : 4.000 m | concrete beam
2;25;;1.0000000000000000;M;;-20.91;5.49;8.98;9.26;-24.71;3.89;Beam | 2 - R_M1 500/1000 | L : 4.000 m | concrete beam
2;25;;1.0000000000000000;M;;-20.91;5.49;8.98;9.26;-24.71;3.89;Beam | 2 - R_M1 500/1000 | L : 4.000 m | concrete beam
2;25;;1.3333333333333333;E;;-24.49;2.83;6.50;2.48;-21.03;2.78;Beam | 2 - R_M1 500/1000 | L : 4.000 m | concrete beam
2;25;;1.5000000000000000;M;;-26.28;1.50;5.26;-0.91;-19.19;2.23;Beam | 2 - R_M1 500/1000 | L : 4.000 m | concrete beam
2;25;;1.5000000000000000;M;;-26.28;1.50;5.26;-0.91;-19.19;2.23;Beam | 2 - R_M1 500/1000 | L : 4.000 m | concrete beam
2;25;;1.7777777777777777;E;;-29.03;0.24;3.23;-4.54;-17.01;2.32;Beam | 2 - R_M1 500/1000 | L : 4.000 m | concrete beam
2;25;;2.0000000000000000;E | M;;-31.23;-0.77;1.61;-7.43;-15.28;2.40;Beam | 2 - R_M1 500/1000 | L : 4.000 m | concrete beam
2;25;;2.0000000000000000;E | M;;-31.23;-0.77;1.61;-7.43;-15.28;2.40;Beam | 2 - R_M1 500/1000 | L : 4.000 m | concrete beam
2;25;;2.2222222222222223;E;;-32.33;-1.47;0.35;-10.18;-13.80;2.66;Beam | 2 - R_M1 500/1000 | L : 4.000 m | concrete beam
2;25;;2.5000000000000000;M;;-33.69;-2.34;-1.21;-13.62;-11.95;2.99;Beam | 2 - R_M1 500/1000 | L : 4.000 m | concrete beam
2;25;;2.5000000000000000;M;;-33.69;-2.34;-1.21;-13.62;-11.95;2.99;Beam | 2 - R_M1 500/1000 | L : 4.000 m | concrete beam
2;25;;2.6666666666666670;E;;-33.29;-3.10;-1.91;-16.53;-10.98;3.56;Beam | 2 - R_M1 500/1000 | L : 4.000 m | concrete beam
2;25;;3.0000000000000000;M;;-32.50;-4.63;-3.31;-22.35;-9.06;4.72;Beam | 2 - R_M1 500/1000 | L : 4.000 m | concrete beam
2;25;;3.0000000000000000;M;;-32.50;-4.63;-3.31;-22.35;-9.06;4.72;Beam | 2 - R_M1 500/1000 | L : 4.000 m | concrete beam
2;25;;3.1111111111111116;E;;-30.96;-2.31;-2.21;-26.10;-8.29;5.71;Beam | 2 - R_M1 500/1000 | L : 4.000 m | concrete beam
2;25;;3.5000000000000000;M;;-25.56;5.81;1.64;-39.25;-5.61;9.18;Beam | 2 - R_M1 500/1000 | L : 4.000 m | concrete beam
2;25;;3.5000000000000000;M;;-25.56;5.81;1.64;-39.25;-5.61;9.18;Beam | 2 - R_M1 500/1000 | L : 4.000 m | concrete beam
2;25;;3.5555555555555562;E;;-24.35;8.42;2.87;-41.81;-4.52;8.52;Beam | 2 - R_M1 500/1000 | L : 4.000 m | concrete beam
2;25;20;4.0000000000000000;L | M;;-14.69;29.23;12.69;-62.24;4.25;3.22;Beam | 2 - R_M1 500/1000 | L : 4.000 m | concrete beam
2;27;5;0.0000000000000000;L | M;;-2.43;-7.34;54.20;76.32;-22.39;1.76;Beam | 2 - R_M1 500/1000 | L : 4.000 m | concrete beam
2;27;;0.4444444444444444;E;;-3.25;-1.56;36.76;40.57;0.06;2.36;Beam | 2 - R_M1 500/1000 | L : 4.000 m | concrete beam
2;27;;0.5000000000000000;M;;-3.35;-0.83;34.58;36.10;2.87;2.43;Beam | 2 - R_M1 500/1000 | L : 4.000 m | concrete beam
2;27;;0.5000000000000000;M;;-3.35;-0.83;34.58;36.10;2.87;2.43;Beam | 2 - R_M1 500/1000 | L : 4.000 m | concrete beam
2;27;;0.8888888888888888;E;;-2.81;0.76;22.38;15.81;13.85;1.02;Beam | 2 - R_M1 500/1000 | L : 4.000 m | concrete beam
2;27;;1.0000000000000000;M;;-2.65;1.21;18.90;10.02;16.99;0.61;Beam | 2 - R_M1 500/1000 | L : 4.000 m | concrete beam
2;27;;1.0000000000000000;M;;-2.65;1.21;18.90;10.02;16.99;0.61;Beam | 2 - R_M1 500/1000 | L : 4.000 m | concrete beam
2;27;;1.3333333333333333;E;;-0.98;0.32;12.70;4.23;21.61;0.70;Beam | 2 - R_M1 500/1000 | L : 4.000 m | concrete beam
2;27;;1.5000000000000000;M;;-0.15;-0.13;9.61;1.34;23.92;0.74;Beam | 2 - R_M1 500/1000 | L : 4.000 m | concrete beam
2;27;;1.5000000000000000;M;;-0.15;-0.13;9.61;1.34;23.92;0.74;Beam | 2 - R_M1 500/1000 | L : 4.000 m | concrete beam
2;27;;1.7777777777777777;E;;0.80;-0.09;5.71;-1.20;25.37;0.81;Beam | 2 - R_M1 500/1000 | L : 4.000 m | concrete beam
2;27;;2.0000000000000000;E | M;;1.56;-0.06;2.60;-3.24;26.54;0.86;Beam | 2 - R_M1 500/1000 | L : 4.000 m | concrete beam
2;27;;2.0000000000000000;E | M;;1.56;-0.06;2.60;-3.24;26.54;0.86;Beam | 2 - R_M1 500/1000 | L : 4.000 m | concrete beam
2;27;;2.2222222222222223;E;;1.53;-0.04;-0.21;-5.19;25.96;0.77;Beam | 2 - R_M1 500/1000 | L : 4.000 m | concrete beam
2;27;;2.5000000000000000;M;;1.50;-0.02;-3.72;-7.63;25.23;0.66;Beam | 2 - R_M1 500/1000 | L : 4.000 m | concrete beam
2;27;;2.5000000000000000;M;;1.50;-0.02;-3.72;-7.63;25.23;0.66;Beam | 2 - R_M1 500/1000 | L : 4.000 m | concrete beam
2;27;;2.6666666666666670;E;;1.47;-0.32;-5.82;-10.43;23.61;0.68;Beam | 2 - R_M1 500/1000 | L : 4.000 m | concrete beam
2;27;;3.0000000000000000;M;;1.40;-0.92;-10.01;-16.04;20.37;0.70;Beam | 2 - R_M1 500/1000 | L : 4.000 m | concrete beam
2;27;;3.0000000000000000;M;;1.40;-0.92;-10.01;-16.04;20.37;0.70;Beam | 2 - R_M1 500/1000 | L : 4.000 m | concrete beam
2;27;;3.1111111111111116;E;;1.83;-0.47;-11.59;-21.40;18.23;1.00;Beam | 2 - R_M1 500/1000 | L : 4.000 m | concrete beam
2;27;;3.5000000000000000;M;;3.34;1.12;-17.11;-40.14;10.71;2.07;Beam | 2 - R_M1 500/1000 | L : 4.000 m | concrete beam
2;27;;3.5000000000000000;M;;3.34;1.12;-17.11;-40.14;10.71;2.07;Beam | 2 - R_M1 500/1000 | L : 4.000 m | concrete beam
2;27;;3.5555555555555562;E;;3.70;1.73;-17.97;-44.18;9.13;1.98;Beam | 2 - R_M1 500/1000 | L : 4.000 m | concrete beam
2;27;23;4.0000000000000000;L | M;;6.57;6.66;-24.81;-76.56;-3.48;1.25;Beam | 2 - R_M1 500/1000 | L : 4.000 m | concrete beam
2;29;8;0.0000000000000000;L | M;;-2.39;-3.42;60.74;32.89;-24.41;0.73;Beam | 2 - R_M1 500/1000 | L : 4.000 m | concrete beam
2;29;;0.4444444444444444;E;;-4.21;-0.76;43.38;19.10;4.38;1.09;Beam | 2 - R_M1 500/1000 | L : 4.000 m | concrete beam
2;29;;0.5000000000000000;M;;-4.44;-0.43;41.21;17.38;7.98;1.14;Beam | 2 - R_M1 500/1000 | L : 4.000 m | concrete beam
2;29;;0.5000000000000000;M;;-4.44;-0.43;41.21;17.38;7.98;1.14;Beam | 2 - R_M1 500/1000 | L : 4.000 m | concrete beam
2;29;;0.8888888888888888;E;;-5.60;0.49;28.09;9.42;23.93;0.52;Beam | 2 - R_M1 500/1000 | L : 4.000 m | concrete beam
2;29;;1.0000000000000000;M;;-5.94;0.75;24.35;7.15;28.49;0.34;Beam | 2 - R_M1 500/1000 | L : 4.000 m | concrete beam
2;29;;1.0000000000000000;M;;-5.94;0.75;24.35;7.15;28.49;0.34;Beam | 2 - R_M1 500/1000 | L : 4.000 m | concrete beam
2;29;;1.3333333333333333;E;;-6.34;0.43;16.83;4.76;35.70;0.22;Beam | 2 - R_M1 500/1000 | L : 4.000 m | concrete beam
2;29;;1.5000000000000000;M;;-6.54;0.26;13.07;3.56;39.30;0.16;Beam | 2 - R_M1 500/1000 | L : 4.000 m | concrete beam
2;29;;1.5000000000000000;M;;-6.54;0.26;13.07;3.56;39.30;0.16;Beam | 2 - R_M1 500/1000 | L : 4.000 m | concrete beam
2;29;;1.7777777777777777;E;;-6.61;0.12;8.63;2.46;42.28;0.14;Beam | 2 - R_M1 500/1000 | L : 4.000 m | concrete beam
2;29;;2.0000000000000000;E | M;;-6.67;0.00;5.08;1.58;44.65;0.12;Beam | 2 - R_M1 500/1000 | L : 4.000 m | concrete beam
2;29;;2.0000000000000000;E | M;;-6.67;0.00;5.08;1.58;44.65;0.12;Beam | 2 - R_M1 500/1000 | L : 4.000 m | concrete beam
2;29;;2.2222222222222223;E;;-6.60;-0.12;1.63;0.65;45.13;0.14;Beam | 2 - R_M1 500/1000 | L : 4.000 m | concrete beam
2;29;;2.5000000000000000;M;;-6.50;-0.26;-2.69;-0.50;45.73;0.16;Beam | 2 - R_M1 500/1000 | L : 4.000 m | concrete beam
2;29;;2.5000000000000000;M;;-6.50;-0.26;-2.69;-0.50;45.73;0.16;Beam | 2 - R_M1 500/1000 | L : 4.000 m | concrete beam
2;29;;2.6666666666666670;E;;-6.26;-0.42;-6.14;-1.84;44.43;0.22;Beam | 2 - R_M1 500/1000 | L : 4.000 m | concrete beam
2;29;;3.0000000000000000;M;;-5.78;-0.73;-13.04;-4.50;41.84;0.35;Beam | 2 - R_M1 500/1000 | L : 4.000 m | concrete beam
2;29;;3.0000000000000000;M;;-5.78;-0.73;-13.04;-4.50;41.84;0.35;Beam | 2 - R_M1 500/1000 | L : 4.000 m | concrete beam
2;29;;3.1111111111111116;E;;-5.38;-0.45;-16.73;-7.07;39.16;0.52;Beam | 2 - R_M1 500/1000 | L : 4.000 m | concrete beam
2;29;;3.5000000000000000;M;;-3.98;0.55;-29.66;-16.06;29.78;1.15;Beam | 2 - R_M1 500/1000 | L : 4.000 m | concrete beam
2;29;;3.5000000000000000;M;;-3.98;0.55;-29.66;-16.06;29.78;1.15;Beam | 2 - R_M1 500/1000 | L : 4.000 m | concrete beam
2;29;;3.5555555555555562;E;;-3.71;0.91;-32.00;-18.01;27.13;1.09;Beam | 2 - R_M1 500/1000 | L : 4.000 m | concrete beam
2;29;26;4.0000000000000000;L | M;;-1.50;3.74;-50.76;-33.59;5.91;0.66;Beam | 2 - R_M1 500/1000 | L : 4.000 m | concrete beam
2;31;11;0.0000000000000000;L | M;;-1.96;3.02;60.88;-23.35;-22.62;-0.52;Beam | 2 - R_M1 500/1000 | L : 4.000 m | concrete beam
2;31;;0.4444444444444444;E;;-3.97;0.73;43.47;-12.75;6.34;-0.88;Beam | 2 - R_M1 500/1000 | L : 4.000 m | concrete beam
2;31;;0.5000000000000000;M;;-4.22;0.44;41.30;-11.43;9.96;-0.92;Beam | 2 - R_M1 500/1000 | L : 4.000 m | concrete beam
2;31;;0.5000000000000000;M;;-4.22;0.44;41.30;-11.43;9.96;-0.92;Beam | 2 - R_M1 500/1000 | L : 4.000 m | concrete beam
2;31;;0.8888888888888888;E;;-5.53;-0.36;28.05;-5.28;26.01;-0.42;Beam | 2 - R_M1 500/1000 | L : 4.000 m | concrete beam
2;31;;1.0000000000000000;M;;-5.90;-0.59;24.26;-3.52;30.60;-0.28;Beam | 2 - R_M1 500/1000 | L : 4.000 m | concrete beam
2;31;;1.0000000000000000;M;;-5.90;-0.59;24.26;-3.52;30.60;-0.28;Beam | 2 - R_M1 500/1000 | L : 4.000 m | concrete beam
2;31;;1.3333333333333333;E;;-6.41;-0.33;16.54;-1.62;37.73;-0.18;Beam | 2 - R_M1 500/1000 | L : 4.000 m | concrete beam
2;31;;1.5000000000000000;M;;-6.66;-0.21;12.68;-0.68;41.30;-0.13;Beam | 2 - R_M1 500/1000 | L : 4.000 m | concrete beam
2;31;;1.5000000000000000;M;;-6.66;-0.21;12.68;-0.68;41.30;-0.13;Beam | 2 - R_M1 500/1000 | L : 4.000 m | concrete beam
2;31;;1.7777777777777777;E;;-6.80;-0.09;8.09;0.19;44.09;-0.11;Beam | 2 - R_M1 500/1000 | L : 4.000 m | concrete beam
2;31;;2.0000000000000000;E | M;;-6.91;0.01;4.42;0.89;46.32;-0.10;Beam | 2 - R_M1 500/1000 | L : 4.000 m | concrete beam
2;31;;2.0000000000000000;E | M;;-6.91;0.01;4.42;0.89;46.32;-0.10;Beam | 2 - R_M1 500/1000 | L : 4.000 m | concrete beam
2;31;;2.2222222222222223;E;;-6.88;0.10;0.85;1.56;46.56;-0.12;Beam | 2 - R_M1 500/1000 | L : 4.000 m | concrete beam
2;31;;2.5000000000000000;M;;-6.84;0.22;-3.62;2.40;46.86;-0.14;Beam | 2 - R_M1 500/1000 | L : 4.000 m | concrete beam
2;31;;2.5000000000000000;M;;-6.84;0.22;-3.62;2.40;46.86;-0.14;Beam | 2 - R_M1 500/1000 | L : 4.000 m | concrete beam
2;31;;2.6666666666666670;E;;-6.62;0.35;-7.17;3.27;45.30;-0.19;Beam | 2 - R_M1 500/1000 | L : 4.000 m | concrete beam
2;31;;3.0000000000000000;M;;-6.20;0.61;-14.28;5.01;42.19;-0.30;Beam | 2 - R_M1 500/1000 | L : 4.000 m | concrete beam
2;31;;3.0000000000000000;M;;-6.20;0.61;-14.28;5.01;42.19;-0.30;Beam | 2 - R_M1 500/1000 | L : 4.000 m | concrete beam
2;31;;3.1111111111111116;E;;-5.83;0.39;-17.98;6.61;39.26;-0.44;Beam | 2 - R_M1 500/1000 | L : 4.000 m | concrete beam
2;31;;3.5000000000000000;M;;-4.53;-0.38;-30.92;12.19;29.00;-0.95;Beam | 2 - R_M1 500/1000 | L : 4.000 m | concrete beam
2;31;;3.5000000000000000;M;;-4.53;-0.38;-30.92;12.19;29.00;-0.95;Beam | 2 - R_M1 500/1000 | L : 4.000 m | concrete beam
2;31;;3.5555555555555562;E;;-4.27;-0.66;-33.23;13.40;26.23;-0.92;Beam | 2 - R_M1 500/1000 | L : 4.000 m | concrete beam
2;31;29;4.0000000000000000;L | M;;-2.19;-2.88;-51.71;23.01;4.06;-0.61;Beam | 2 - R_M1 500/1000 | L : 4.000 m | concrete beam
2;33;14;0.0000000000000000;L | M;;-0.60;8.39;57.69;-72.85;-21.62;-1.59;Beam | 2 - R_M1 500/1000 | L : 4.000 m | concrete beam
2;33;;0.4444444444444444;E;;-1.62;1.98;39.84;-40.20;4.30;-2.52;Beam | 2 - R_M1 500/1000 | L : 4.000 m | concrete beam
2;33;;0.5000000000000000;M;;-1.75;1.17;37.61;-36.12;7.54;-2.64;Beam | 2 - R_M1 500/1000 | L : 4.000 m | concrete beam
2;33;;0.5000000000000000;M;;-1.75;1.17;37.61;-36.12;7.54;-2.64;Beam | 2 - R_M1 500/1000 | L : 4.000 m | concrete beam
2;33;;0.8888888888888888;E;;-2.14;-1.02;24.84;-17.36;21.03;-1.20;Beam | 2 - R_M1 500/1000 | L : 4.000 m | concrete beam
2;33;;1.0000000000000000;M;;-2.25;-1.65;21.20;-12.00;24.88;-0.79;Beam | 2 - R_M1 500/1000 | L : 4.000 m | concrete beam
2;33;;1.0000000000000000;M;;-2.25;-1.65;21.20;-12.00;24.88;-0.79;Beam | 2 - R_M1 500/1000 | L : 4.000 m | concrete beam
2;33;;1.3333333333333333;E;;-2.09;-0.90;14.50;-6.53;30.85;-0.57;Beam | 2 - R_M1 500/1000 | L : 4.000 m | concrete beam
2;33;;1.5000000000000000;M;;-2.01;-0.52;11.15;-3.79;33.84;-0.46;Beam | 2 - R_M1 500/1000 | L : 4.000 m | concrete beam
2;33;;1.5000000000000000;M;;-2.01;-0.52;11.15;-3.79;33.84;-0.46;Beam | 2 - R_M1 500/1000 | L : 4.000 m | concrete beam
2;33;;1.7777777777777777;E;;-1.94;-0.23;7.24;-1.45;36.25;-0.43;Beam | 2 - R_M1 500/1000 | L : 4.000 m | concrete beam
2;33;;2.0000000000000000;E | M;;-1.89;0.01;4.11;0.43;38.19;-0.41;Beam | 2 - R_M1 500/1000 | L : 4.000 m | concrete beam
2;33;;2.0000000000000000;E | M;;-1.89;0.01;4.11;0.43;38.19;-0.41;Beam | 2 - R_M1 500/1000 | L : 4.000 m | concrete beam
2;33;;2.2222222222222223;E;;-2.05;0.24;1.07;2.29;38.53;-0.44;Beam | 2 - R_M1 500/1000 | L : 4.000 m | concrete beam
2;33;;2.5000000000000000;M;;-2.24;0.54;-2.73;4.62;38.95;-0.47;Beam | 2 - R_M1 500/1000 | L : 4.000 m | concrete beam
2;33;;2.5000000000000000;M;;-2.24;0.54;-2.73;4.62;38.95;-0.47;Beam | 2 - R_M1 500/1000 | L : 4.000 m | concrete beam
2;33;;2.6666666666666670;E;;-2.39;0.91;-5.79;7.32;37.82;-0.58;Beam | 2 - R_M1 500/1000 | L : 4.000 m | concrete beam
2;33;;3.0000000000000000;M;;-2.70;1.67;-11.91;12.73;35.55;-0.82;Beam | 2 - R_M1 500/1000 | L : 4.000 m | concrete beam
2;33;;3.0000000000000000;M;;-2.70;1.67;-11.91;12.73;35.55;-0.82;Beam | 2 - R_M1 500/1000 | L : 4.000 m | concrete beam
2;33;;3.1111111111111116;E;;-2.62;1.04;-15.46;18.01;33.23;-1.23;Beam | 2 - R_M1 500/1000 | L : 4.000 m | concrete beam
2;33;;3.5000000000000000;M;;-2.35;-1.14;-27.88;36.51;25.09;-2.68;Beam | 2 - R_M1 500/1000 | L : 4.000 m | concrete beam
2;33;;3.5000000000000000;M;;-2.35;-1.14;-27.88;36.51;25.09;-2.68;Beam | 2 - R_M1 500/1000 | L : 4.000 m | concrete beam
2;33;;3.5555555555555562;E;;-2.23;-1.94;-30.22;40.54;22.64;-2.57;Beam | 2 - R_M1 500/1000 | L : 4.000 m | concrete beam
2;33;32;4.0000000000000000;L | M;;-1.31;-8.33;-48.99;72.73;3.06;-1.68;Beam | 2 - R_M1 500/1000 | L : 4.000 m | concrete beam
2;35;17;0.0000000000000000;L | M;;-10.56;29.22;-20.21;-69.83;-20.56;-3.32;Beam | 2 - R_M1 500/1000 | L : 4.000 m | concrete beam
2;35;;0.4444444444444444;E;;-20.73;7.98;-0.98;-42.59;-27.29;-8.50;Beam | 2 - R_M1 500/1000 | L : 4.000 m | concrete beam
2;35;;0.5000000000000018;M;;-22.00;5.32;1.42;-39.18;-28.13;-9.14;Beam | 2 - R_M1 500/1000 | L : 4.000 m | concrete beam
2;35;;0.5000000000000018;M;;-22.00;5.32;1.42;-39.18;-28.13;-9.14;Beam | 2 - R_M1 500/1000 | L : 4.000 m | concrete beam
2;35;;0.8888888888888888;E;;-27.81;-2.98;9.35;-22.17;-25.03;-5.40;Beam | 2 - R_M1 500/1000 | L : 4.000 m | concrete beam
2;35;;1.0000000000000000;M;;-29.46;-5.35;11.61;-17.31;-24.14;-4.33;Beam | 2 - R_M1 500/1000 | L : 4.000 m | concrete beam
2;35;;1.0000000000000000;M;;-29.46;-5.35;11.61;-17.31;-24.14;-4.33;Beam | 2 - R_M1 500/1000 | L : 4.000 m | concrete beam
2;35;;1.3333333333333333;E;;-30.86;-3.51;10.18;-10.58;-20.95;-2.94;Beam | 2 - R_M1 500/1000 | L : 4.000 m | concrete beam
2;35;;1.5000000000000004;M;;-31.56;-2.60;9.47;-7.21;-19.36;-2.24;Beam | 2 - R_M1 500/1000 | L : 4.000 m | concrete beam
2;35;;1.5000000000000004;M;;-31.56;-2.60;9.47;-7.21;-19.36;-2.24;Beam | 2 - R_M1 500/1000 | L : 4.000 m | concrete beam
2;35;;1.7777777777777777;E;;-31.86;-1.12;7.59;-3.62;-17.27;-1.95;Beam | 2 - R_M1 500/1000 | L : 4.000 m | concrete beam
2;35;;2.0000000000000000;E | M;;-32.10;0.06;6.09;-0.76;-15.59;-1.71;Beam | 2 - R_M1 500/1000 | L : 4.000 m | concrete beam
2;35;;2.0000000000000000;E | M;;-32.10;0.06;6.09;-0.76;-15.59;-1.71;Beam | 2 - R_M1 500/1000 | L : 4.000 m | concrete beam
2;35;;2.2222222222222223;E;;-32.16;1.26;4.54;2.15;-14.38;-1.97;Beam | 2 - R_M1 500/1000 | L : 4.000 m | concrete beam
2;35;;2.4999999999999996;M;;-32.24;2.75;2.61;5.78;-12.88;-2.30;Beam | 2 - R_M1 500/1000 | L : 4.000 m | concrete beam
2;35;;2.4999999999999996;M;;-32.24;2.75;2.61;5.78;-12.88;-2.30;Beam | 2 - R_M1 500/1000 | L : 4.000 m | concrete beam
2;35;;2.6666666666666670;E;;-31.74;3.69;1.83;9.21;-12.31;-3.04;Beam | 2 - R_M1 500/1000 | L : 4.000 m | concrete beam
2;35;;3.0000000000000000;M;;-30.72;5.56;0.26;16.07;-11.17;-4.50;Beam | 2 - R_M1 500/1000 | L : 4.000 m | concrete beam
2;35;;3.0000000000000000;M;;-30.72;5.56;0.26;16.07;-11.17;-4.50;Beam | 2 - R_M1 500/1000 | L : 4.000 m | concrete beam
2;35;;3.1111111111111116;E;;-29.12;3.11;2.26;20.85;-10.56;-5.61;Beam | 2 - R_M1 500/1000 | L : 4.000 m | concrete beam
2;35;;3.5000000000000027;M;;-23.52;-5.48;9.26;37.58;-8.43;-9.50;Beam | 2 - R_M1 500/1000 | L : 4.000 m | concrete beam
2;35;;3.5000000000000027;M;;-23.52;-5.48;9.26;37.58;-8.43;-9.50;Beam | 2 - R_M1 500/1000 | L : 4.000 m | concrete beam
2;35;;3.5555555555555562;E;;-22.25;-8.22;11.35;40.88;-6.95;-8.83;Beam | 2 - R_M1 500/1000 | L : 4.000 m | concrete beam
2;35;35;4.0000000000000000;L | M;;-12.12;-30.16;28.05;67.33;4.96;-3.51;Beam | 2 - R_M1 500/1000 | L : 4.000 m | concrete beam
Extremes;27;23;4.0000000000000000;L | M;N;6.57;6.66;-24.81;-76.56;-3.48;1.25;Beam | 2 - R_M1 500/1000 | L : 4.000 m | concrete beam
2;25;;2.5000000000000000;M;N;-33.69;-2.34;-1.21;-13.62;-11.95;2.99;Beam | 2 - R_M1 500/1000 | L : 4.000 m | concrete beam
2;25;20;4.0000000000000000;L | M;V_y;-14.69;29.23;12.69;-62.24;4.25;3.22;Beam | 2 - R_M1 500/1000 | L : 4.000 m | concrete beam
2;35;35;4.0000000000000000;L | M;V_y;-12.12;-30.16;28.05;67.33;4.96;-3.51;Beam | 2 - R_M1 500/1000 | L : 4.000 m | concrete beam
2;31;11;0.0000000000000000;L | M;V_z;-1.96;3.02;60.88;-23.35;-22.62;-0.52;Beam | 2 - R_M1 500/1000 | L : 4.000 m | concrete beam
2;31;29;4.0000000000000000;L | M;V_z;-2.19;-2.88;-51.71;23.01;4.06;-0.61;Beam | 2 - R_M1 500/1000 | L : 4.000 m | concrete beam
2;27;5;0.0000000000000000;L | M;M_T;-2.43;-7.34;54.20;76.32;-22.39;1.76;Beam | 2 - R_M1 500/1000 | L : 4.000 m | concrete beam
2;27;23;4.0000000000000000;L | M;M_T;6.57;6.66;-24.81;-76.56;-3.48;1.25;Beam | 2 - R_M1 500/1000 | L : 4.000 m | concrete beam
2;31;;2.5000000000000000;M;M_y;-6.84;0.22;-3.62;2.40;46.86;-0.14;Beam | 2 - R_M1 500/1000 | L : 4.000 m | concrete beam
2;25;;0.5000000000000000;M;M_y;-13.39;-4.85;0.21;31.68;-30.80;9.47;Beam | 2 - R_M1 500/1000 | L : 4.000 m | concrete beam
2;25;;0.5000000000000000;M;M_z;-13.39;-4.85;0.21;31.68;-30.80;9.47;Beam | 2 - R_M1 500/1000 | L : 4.000 m | concrete beam
2;35;;3.5000000000000027;M;M_z;-23.52;-5.48;9.26;37.58;-8.43;-9.50;Beam | 2 - R_M1 500/1000 | L : 4.000 m | concrete beam
Total;;;;;;6.57;29.23;60.88;76.32;46.86;9.47;
2;;;;;;-33.69;-30.16;-51.71;-76.56;-30.80;-9.50;
;;;;;;;;;;;;
3;SQ_M1 500 | 2 - C20/25;;;;;;;;;;;
3;1;1;0.0000000000000000;L | M;;-220.24;4.92;54.22;0.82;-58.99;18.93;Beam | 3 - SQ_M1 500 | L : 3.600 m | concrete column
3;1;;0.3600000000000000;E;;-216.46;4.93;54.25;0.83;-39.46;17.16;Beam | 3 - SQ_M1 500 | L : 3.600 m | concrete column
3;1;;0.7200000000000001;E;;-212.31;4.94;54.26;0.83;-19.93;15.38;Beam | 3 - SQ_M1 500 | L : 3.600 m | concrete column
3;1;;1.0800000000000001;E;;-207.81;4.95;54.27;0.83;-0.40;13.60;Beam | 3 - SQ_M1 500 | L : 3.600 m | concrete column
3;1;;1.4400000000000002;E;;-202.95;4.95;54.26;0.84;19.14;11.82;Beam | 3 - SQ_M1 500 | L : 3.600 m | concrete column
3;1;;1.8000000000000000;R | E;;-197.73;4.96;54.25;0.84;38.67;10.03;Beam | 3 - SQ_M1 500 | L : 3.600 m | concrete column
3;1;;2.1600000000000001;E;;-192.16;4.96;54.22;0.84;58.19;8.25;Beam | 3 - SQ_M1 500 | L : 3.600 m | concrete column
3;1;;2.5200000000000000;E;;-186.23;4.96;54.20;0.84;77.70;6.46;Beam | 3 - SQ_M1 500 | L : 3.600 m | concrete column
3;1;;2.8799999999999999;E;;-179.94;4.96;54.16;0.85;97.21;4.67;Beam | 3 - SQ_M1 500 | L : 3.600 m | concrete column
3;1;;3.2399999999999998;E;;-173.29;4.96;54.12;0.85;116.70;2.89;Beam | 3 - SQ_M1 500 | L : 3.600 m | concrete column
3;1;2;3.6000000000000001;L | M;;-166.29;4.96;54.08;0.85;136.17;1.10;Beam | 3 - SQ_M1 500 | L : 3.600 m | concrete column
3;3;4;0.0000000000000000;L | M;;-217.14;-3.94;44.04;0.16;-47.67;8.85;Beam | 3 - SQ_M1 500 | L : 3.600 m | concrete column
3;3;;0.3600000000000000;E;;-213.36;-3.94;44.06;0.16;-31.82;10.27;Beam | 3 - SQ_M1 500 | L : 3.600 m | concrete column
3;3;;0.7200000000000001;E;;-209.22;-3.93;44.07;0.16;-15.95;11.69;Beam | 3 - SQ_M1 500 | L : 3.600 m | concrete column
3;3;;1.0800000000000001;E;;-204.72;-3.93;44.07;0.17;-0.09;13.11;Beam | 3 - SQ_M1 500 | L : 3.600 m | concrete column
3;3;;1.4400000000000002;E;;-199.86;-3.92;44.07;0.17;15.78;14.52;Beam | 3 - SQ_M1 500 | L : 3.600 m | concrete column
3;3;;1.8000000000000000;R | E;;-194.64;-3.92;44.06;0.17;31.64;15.93;Beam | 3 - SQ_M1 500 | L : 3.600 m | concrete column
3;3;;2.1600000000000001;E;;-189.06;-3.91;44.04;0.17;47.50;17.34;Beam | 3 - SQ_M1 500 | L : 3.600 m | concrete column
3;3;;2.5200000000000000;E;;-183.13;-3.90;44.02;0.18;63.35;18.74;Beam | 3 - SQ_M1 500 | L : 3.600 m | concrete column
3;3;;2.8799999999999999;E;;-176.84;-3.90;43.99;0.18;79.19;20.14;Beam | 3 - SQ_M1 500 | L : 3.600 m | concrete column
3;3;;3.2399999999999998;E;;-170.19;-3.89;43.96;0.18;95.02;21.54;Beam | 3 - SQ_M1 500 | L : 3.600 m | concrete column
3;3;5;3.6000000000000001;L | M;;-163.18;-3.88;43.92;0.18;110.84;22.94;Beam | 3 - SQ_M1 500 | L : 3.600 m | concrete column
3;5;7;0.0000000000000000;L | M;;-215.18;-4.31;17.95;0.04;-17.56;8.61;Beam | 3 - SQ_M1 500 | L : 3.600 m | concrete column
3;5;;0.3600000000000000;E;;-211.40;-4.30;17.95;0.04;-11.10;10.16;Beam | 3 - SQ_M1 500 | L : 3.600 m | concrete column
3;5;;0.7200000000000001;E;;-207.26;-4.30;17.96;0.04;-4.64;11.71;Beam | 3 - SQ_M1 500 | L : 3.600 m | concrete column
3;5;;1.0800000000000001;E;;-202.76;-4.29;17.96;0.04;1.82;13.25;Beam | 3 - SQ_M1 500 | L : 3.600 m | concrete column
3;5;;1.4400000000000002;E;;-197.90;-4.29;17.95;0.04;8.29;14.80;Beam | 3 - SQ_M1 500 | L : 3.600 m | concrete column
3;5;;1.8000000000000000;R | E;;-192.68;-4.28;17.95;0.04;14.75;16.34;Beam | 3 - SQ_M1 500 | L : 3.600 m | concrete column
3;5;;2.1600000000000001;E;;-187.11;-4.27;17.94;0.04;21.21;17.88;Beam | 3 - SQ_M1 500 | L : 3.600 m | concrete column
3;5;;2.5200000000000000;E;;-181.17;-4.27;17.93;0.04;27.67;19.41;Beam | 3 - SQ_M1 500 | L : 3.600 m | concrete column
3;5;;2.8799999999999999;E;;-174.87;-4.26;17.92;0.04;34.12;20.95;Beam | 3 - SQ_M1 500 | L : 3.600 m | concrete column
3;5;;3.2399999999999998;E;;-168.21;-4.25;17.91;0.04;40.57;22.48;Beam | 3 - SQ_M1 500 | L : 3.600 m | concrete column
3;5;8;3.6000000000000001;L | M;;-161.19;-4.25;17.89;0.04;47.01;24.00;Beam | 3 - SQ_M1 500 | L : 3.600 m | concrete column
3;7;10;0.0000000000000000;L | M;;-214.87;-3.56;-15.02;-0.12;20.51;9.61;Beam | 3 - SQ_M1 500 | L : 3.600 m | concrete column
3;7;;0.3600000000000000;E;;-211.09;-3.55;-15.02;-0.12;15.10;10.89;Beam | 3 - SQ_M1 500 | L : 3.600 m | concrete column
3;7;;0.7200000000000001;E;;-206.95;-3.55;-15.03;-0.12;9.69;12.16;Beam | 3 - SQ_M1 500 | L : 3.600 m | concrete column
3;7;;1.0800000000000001;E;;-202.45;-3.54;-15.03;-0.12;4.28;13.44;Beam | 3 - SQ_M1 500 | L : 3.600 m | concrete column
3;7;;1.4400000000000002;E;;-197.59;-3.54;-15.03;-0.12;-1.13;14.71;Beam | 3 - SQ_M1 500 | L : 3.600 m | concrete column
3;7;;1.8000000000000000;R | E;;-192.37;-3.53;-15.03;-0.13;-6.54;15.99;Beam | 3 - SQ_M1 500 | L : 3.600 m | concrete column
3;7;;2.1600000000000001;E;;-186.79;-3.52;-15.03;-0.13;-11.95;17.25;Beam | 3 - SQ_M1 500 | L : 3.600 m | concrete column
3;7;;2.5200000000000000;E;;-180.85;-3.52;-15.02;-0.13;-17.36;18.52;Beam | 3 - SQ_M1 500 | L : 3.600 m | concrete column
3;7;;2.8799999999999999;E;;-174.55;-3.51;-15.01;-0.13;-22.76;19.78;Beam | 3 - SQ_M1 500 | L : 3.600 m | concrete column
3;7;;3.2399999999999998;E;;-167.89;-3.50;-15.00;-0.13;-28.17;21.04;Beam | 3 - SQ_M1 500 | L : 3.600 m | concrete column
3;7;11;3.6000000000000001;L | M;;-160.88;-3.50;-14.99;-0.13;-33.57;22.30;Beam | 3 - SQ_M1 500 | L : 3.600 m | concrete column
3;9;13;0.0000000000000000;L | M;;-216.29;-2.51;-44.16;-0.26;54.17;10.91;Beam | 3 - SQ_M1 500 | L : 3.600 m | concrete column
3;9;;0.3600000000000000;E;;-212.51;-2.50;-44.18;-0.26;38.27;11.81;Beam | 3 - SQ_M1 500 | L : 3.600 m | concrete column
3;9;;0.7200000000000001;E;;-208.36;-2.49;-44.19;-0.26;22.36;12.71;Beam | 3 - SQ_M1 500 | L : 3.600 m | concrete column
3;9;;1.0800000000000001;E;;-203.86;-2.49;-44.20;-0.27;6.45;13.61;Beam | 3 - SQ_M1 500 | L : 3.600 m | concrete column
3;9;;1.4400000000000002;E;;-199.00;-2.48;-44.20;-0.27;-9.46;14.50;Beam | 3 - SQ_M1 500 | L : 3.600 m | concrete column
3;9;;1.8000000000000000;R | E;;-193.78;-2.48;-44.19;-0.27;-25.37;15.39;Beam | 3 - SQ_M1 500 | L : 3.600 m | concrete column
3;9;;2.1600000000000001;E;;-188.21;-2.47;-44.17;-0.27;-41.28;16.28;Beam | 3 - SQ_M1 500 | L : 3.600 m | concrete column
3;9;;2.5200000000000000;E;;-182.27;-2.46;-44.15;-0.28;-57.18;17.17;Beam | 3 - SQ_M1 500 | L : 3.600 m | concrete column
3;9;;2.8799999999999999;E;;-175.98;-2.46;-44.13;-0.28;-73.07;18.05;Beam | 3 - SQ_M1 500 | L : 3.600 m | concrete column
3;9;;3.2399999999999998;E;;-169.33;-2.45;-44.10;-0.28;-88.95;18.93;Beam | 3 - SQ_M1 500 | L : 3.600 m | concrete column
3;9;14;3.6000000000000001;L | M;;-162.32;-2.45;-44.06;-0.29;-104.82;19.82;Beam | 3 - SQ_M1 500 | L : 3.600 m | concrete column
3;11;16;0.0000000000000000;L | M;;-218.89;2.32;-53.65;-0.88;64.74;16.68;Beam | 3 - SQ_M1 500 | L : 3.600 m | concrete column
3;11;;0.3600000000000000;E;;-215.11;2.33;-53.68;-0.89;45.42;15.85;Beam | 3 - SQ_M1 500 | L : 3.600 m | concrete column
3;11;;0.7200000000000001;E;;-210.96;2.33;-53.69;-0.89;26.09;15.01;Beam | 3 - SQ_M1 500 | L : 3.600 m | concrete column
3;11;;1.0800000000000001;E;;-206.46;2.34;-53.70;-0.89;6.76;14.17;Beam | 3 - SQ_M1 500 | L : 3.600 m | concrete column
3;11;;1.4400000000000002;E;;-201.60;2.35;-53.70;-0.89;-12.57;13.32;Beam | 3 - SQ_M1 500 | L : 3.600 m | concrete column
3;11;;1.8000000000000000;R | E;;-196.38;2.35;-53.68;-0.90;-31.89;12.48;Beam | 3 - SQ_M1 500 | L : 3.600 m | concrete column
3;11;;2.1600000000000001;E;;-190.81;2.36;-53.67;-0.90;-51.22;11.63;Beam | 3 - SQ_M1 500 | L : 3.600 m | concrete column
3;11;;2.5200000000000000;E;;-184.88;2.36;-53.64;-0.90;-70.53;10.78;Beam | 3 - SQ_M1 500 | L : 3.600 m | concrete column
3;11;;2.8799999999999999;E;;-178.59;2.36;-53.61;-0.91;-89.84;9.93;Beam | 3 - SQ_M1 500 | L : 3.600 m | concrete column
3;11;;3.2399999999999998;E;;-171.94;2.37;-53.57;-0.91;-109.13;9.07;Beam | 3 - SQ_M1 500 | L : 3.600 m | concrete column
3;11;17;3.6000000000000001;L | M;;-164.93;2.37;-53.53;-0.91;-128.41;8.22;Beam | 3 - SQ_M1 500 | L : 3.600 m | concrete column
3;13;19;0.0000000000000000;L | M;;-221.30;1.21;49.62;-0.98;-53.39;14.43;Beam | 3 - SQ_M1 500 | L : 3.600 m | concrete column
3;13;;0.3600000000000000;E;;-217.52;1.21;49.65;-0.97;-35.52;14.00;Beam | 3 - SQ_M1 500 | L : 3.600 m | concrete column
3;13;;0.7200000000000001;E;;-213.37;1.22;49.66;-0.97;-17.65;13.56;Beam | 3 - SQ_M1 500 | L : 3.600 m | concrete column
3;13;;1.0800000000000001;E;;-208.87;1.23;49.66;-0.97;0.23;13.12;Beam | 3 - SQ_M1 500 | L : 3.600 m | concrete column
3;13;;1.4400000000000002;E;;-204.01;1.23;49.66;-0.97;18.11;12.68;Beam | 3 - SQ_M1 500 | L : 3.600 m | concrete column
3;13;;1.8000000000000000;R | E;;-198.80;1.24;49.64;-0.96;35.98;12.23;Beam | 3 - SQ_M1 500 | L : 3.600 m | concrete column
3;13;;2.1600000000000001;E;;-193.22;1.24;49.62;-0.96;53.85;11.79;Beam | 3 - SQ_M1 500 | L : 3.600 m | concrete column
3;13;;2.5200000000000000;E;;-187.29;1.24;49.60;-0.96;71.71;11.34;Beam | 3 - SQ_M1 500 | L : 3.600 m | concrete column
3;13;;2.8799999999999999;E;;-181.00;1.25;49.56;-0.95;89.55;10.89;Beam | 3 - SQ_M1 500 | L : 3.600 m | concrete column
3;13;;3.2399999999999998;E;;-174.35;1.25;49.53;-0.95;107.39;10.44;Beam | 3 - SQ_M1 500 | L : 3.600 m | concrete column
3;13;20;3.6000000000000001;L | M;;-167.34;1.25;49.49;-0.95;125.21;9.98;Beam | 3 - SQ_M1 500 | L : 3.600 m | concrete column
3;15;22;0.0000000000000000;L | M;;-218.53;-0.71;41.69;-0.28;-44.70;12.63;Beam | 3 - SQ_M1 500 | L : 3.600 m | concrete column
3;15;;0.3600000000000000;E;;-214.75;-0.70;41.71;-0.28;-29.69;12.89;Beam | 3 - SQ_M1 500 | L : 3.600 m | concrete column
3;15;;0.7200000000000001;E;;-210.61;-0.70;41.72;-0.28;-14.67;13.14;Beam | 3 - SQ_M1 500 | L : 3.600 m | concrete column
3;15;;1.0800000000000001;E;;-206.11;-0.69;41.72;-0.28;0.35;13.39;Beam | 3 - SQ_M1 500 | L : 3.600 m | concrete column
3;15;;1.4400000000000002;E;;-201.25;-0.69;41.72;-0.27;15.37;13.64;Beam | 3 - SQ_M1 500 | L : 3.600 m | concrete column
3;15;;1.8000000000000000;R | E;;-196.03;-0.68;41.71;-0.27;30.39;13.88;Beam | 3 - SQ_M1 500 | L : 3.600 m | concrete column
3;15;;2.1600000000000001;E;;-190.45;-0.67;41.69;-0.27;45.40;14.12;Beam | 3 - SQ_M1 500 | L : 3.600 m | concrete column
3;15;;2.5200000000000000;E;;-184.52;-0.67;41.67;-0.27;60.40;14.36;Beam | 3 - SQ_M1 500 | L : 3.600 m | concrete column
3;15;;2.8799999999999999;E;;-178.23;-0.67;41.64;-0.27;75.40;14.60;Beam | 3 - SQ_M1 500 | L : 3.600 m | concrete column
3;15;;3.2399999999999998;E;;-171.57;-0.66;41.61;-0.26;90.38;14.84;Beam | 3 - SQ_M1 500 | L : 3.600 m | concrete column
3;15;23;3.6000000000000001;L | M;;-164.56;-0.66;41.58;-0.26;105.36;15.08;Beam | 3 - SQ_M1 500 | L : 3.600 m | concrete column
3;17;25;0.0000000000000000;L | M;;-216.54;2.04;18.48;-0.16;-18.00;15.99;Beam | 3 - SQ_M1 500 | L : 3.600 m | concrete column
3;17;;0.3600000000000000;E;;-212.76;2.05;18.49;-0.15;-11.34;15.25;Beam | 3 - SQ_M1 500 | L : 3.600 m | concrete column
3;17;;0.7200000000000001;E;;-208.61;2.06;18.49;-0.15;-4.69;14.51;Beam | 3 - SQ_M1 500 | L : 3.600 m | concrete column
3;17;;1.0800000000000001;E;;-204.11;2.06;18.49;-0.15;1.97;13.77;Beam | 3 - SQ_M1 500 | L : 3.600 m | concrete column
3;17;;1.4400000000000002;E;;-199.26;2.07;18.49;-0.15;8.63;13.03;Beam | 3 - SQ_M1 500 | L : 3.600 m | concrete column
3;17;;1.8000000000000000;R | E;;-194.04;2.07;18.48;-0.15;15.28;12.28;Beam | 3 - SQ_M1 500 | L : 3.600 m | concrete column
3;17;;2.1600000000000001;E;;-188.46;2.08;18.48;-0.15;21.93;11.53;Beam | 3 - SQ_M1 500 | L : 3.600 m | concrete column
3;17;;2.5200000000000000;E;;-182.52;2.08;18.46;-0.15;28.58;10.78;Beam | 3 - SQ_M1 500 | L : 3.600 m | concrete column
3;17;;2.8799999999999999;E;;-176.22;2.09;18.45;-0.15;35.23;10.03;Beam | 3 - SQ_M1 500 | L : 3.600 m | concrete column
3;17;;3.2399999999999998;E;;-169.56;2.09;18.44;-0.15;41.87;9.28;Beam | 3 - SQ_M1 500 | L : 3.600 m | concrete column
3;17;26;3.6000000000000001;L | M;;-162.54;2.09;18.42;-0.14;48.50;8.52;Beam | 3 - SQ_M1 500 | L : 3.600 m | concrete column
3;19;28;0.0000000000000000;L | M;;-216.18;3.03;-14.76;0.04;20.36;17.25;Beam | 3 - SQ_M1 500 | L : 3.600 m | concrete column
3;19;;0.3600000000000000;E;;-212.40;3.03;-14.77;0.03;15.04;16.16;Beam | 3 - SQ_M1 500 | L : 3.600 m | concrete column
3;19;;0.7200000000000001;E;;-208.26;3.04;-14.78;0.03;9.72;15.07;Beam | 3 - SQ_M1 500 | L : 3.600 m | concrete column
3;19;;1.0800000000000001;E;;-203.76;3.05;-14.78;0.03;4.40;13.98;Beam | 3 - SQ_M1 500 | L : 3.600 m | concrete column
3;19;;1.4400000000000002;E;;-198.90;3.05;-14.78;0.03;-0.92;12.88;Beam | 3 - SQ_M1 500 | L : 3.600 m | concrete column
3;19;;1.8000000000000000;R | E;;-193.68;3.06;-14.78;0.03;-6.24;11.78;Beam | 3 - SQ_M1 500 | L : 3.600 m | concrete column
3;19;;2.1600000000000001;E;;-188.10;3.06;-14.77;0.03;-11.56;10.67;Beam | 3 - SQ_M1 500 | L : 3.600 m | concrete column
3;19;;2.5200000000000000;E;;-182.16;3.06;-14.77;0.03;-16.87;9.57;Beam | 3 - SQ_M1 500 | L : 3.600 m | concrete column
3;19;;2.8799999999999999;E;;-175.86;3.07;-14.76;0.03;-22.19;8.47;Beam | 3 - SQ_M1 500 | L : 3.600 m | concrete column
3;19;;3.2399999999999998;E;;-169.20;3.07;-14.75;0.03;-27.50;7.36;Beam | 3 - SQ_M1 500 | L : 3.600 m | concrete column
3;19;29;3.6000000000000001;L | M;;-162.18;3.07;-14.74;0.03;-32.81;6.25;Beam | 3 - SQ_M1 500 | L : 3.600 m | concrete column
3;21;31;0.0000000000000000;L | M;;-217.58;2.93;-44.08;0.20;54.18;17.25;Beam | 3 - SQ_M1 500 | L : 3.600 m | concrete column
3;21;;0.3600000000000000;E;;-213.79;2.94;-44.11;0.20;38.31;16.19;Beam | 3 - SQ_M1 500 | L : 3.600 m | concrete column
3;21;;0.7200000000000001;E;;-209.65;2.95;-44.12;0.19;22.43;15.13;Beam | 3 - SQ_M1 500 | L : 3.600 m | concrete column
3;21;;1.0800000000000001;E;;-205.15;2.96;-44.13;0.19;6.54;14.06;Beam | 3 - SQ_M1 500 | L : 3.600 m | concrete column
3;21;;1.4400000000000002;E;;-200.29;2.96;-44.12;0.19;-9.34;13.00;Beam | 3 - SQ_M1 500 | L : 3.600 m | concrete column
3;21;;1.8000000000000000;R | E;;-195.07;2.97;-44.12;0.19;-25.22;11.93;Beam | 3 - SQ_M1 500 | L : 3.600 m | concrete column
3;21;;2.1600000000000001;E;;-189.49;2.97;-44.10;0.18;-41.10;10.86;Beam | 3 - SQ_M1 500 | L : 3.600 m | concrete column
3;21;;2.5200000000000000;E;;-183.56;2.97;-44.08;0.18;-56.97;9.79;Beam | 3 - SQ_M1 500 | L : 3.600 m | concrete column
3;21;;2.8799999999999999;E;;-177.26;2.98;-44.05;0.18;-72.84;8.72;Beam | 3 - SQ_M1 500 | L : 3.600 m | concrete column
3;21;;3.2399999999999998;E;;-170.61;2.98;-44.02;0.18;-88.69;7.64;Beam | 3 - SQ_M1 500 | L : 3.600 m | concrete column
3;21;32;3.6000000000000001;L | M;;-163.60;2.98;-43.99;0.17;-104.54;6.57;Beam | 3 - SQ_M1 500 | L : 3.600 m | concrete column
3;23;34;0.0000000000000000;L | M;;-220.18;-1.43;-54.34;0.86;65.61;12.13;Beam | 3 - SQ_M1 500 | L : 3.600 m | concrete column
3;23;;0.3600000000000000;E;;-216.39;-1.43;-54.37;0.86;46.05;12.64;Beam | 3 - SQ_M1 500 | L : 3.600 m | concrete column
3;23;;0.7200000000000001;E;;-212.24;-1.42;-54.38;0.85;26.47;13.16;Beam | 3 - SQ_M1 500 | L : 3.600 m | concrete column
3;23;;1.0800000000000001;E;;-207.74;-1.42;-54.39;0.85;6.89;13.67;Beam | 3 - SQ_M1 500 | L : 3.600 m | concrete column
3;23;;1.4400000000000002;E;;-202.88;-1.41;-54.39;0.85;-12.69;14.18;Beam | 3 - SQ_M1 500 | L : 3.600 m | concrete column
3;23;;1.8000000000000000;R | E;;-197.67;-1.40;-54.37;0.84;-32.26;14.68;Beam | 3 - SQ_M1 500 | L : 3.600 m | concrete column
3;23;;2.1600000000000001;E;;-192.09;-1.40;-54.36;0.84;-51.83;15.18;Beam | 3 - SQ_M1 500 | L : 3.600 m | concrete column
3;23;;2.5200000000000000;E;;-186.16;-1.39;-54.33;0.84;-71.39;15.69;Beam | 3 - SQ_M1 500 | L : 3.600 m | concrete column
3;23;;2.8799999999999999;E;;-179.87;-1.39;-54.30;0.83;-90.95;16.18;Beam | 3 - SQ_M1 500 | L : 3.600 m | concrete column
3;23;;3.2399999999999998;E;;-173.22;-1.38;-54.26;0.83;-110.49;16.68;Beam | 3 - SQ_M1 500 | L : 3.600 m | concrete column
3;23;35;3.6000000000000001;L | M;;-166.22;-1.38;-54.21;0.83;-130.01;17.18;Beam | 3 - SQ_M1 500 | L : 3.600 m | concrete column
Extremes;7;11;3.6000000000000001;L | M;N;-160.88;-3.50;-14.99;-0.13;-33.57;22.30;Beam | 3 - SQ_M1 500 | L : 3.600 m | concrete column
3;13;19;0.0000000000000000;L | M;N;-221.30;1.21;49.62;-0.98;-53.39;14.43;Beam | 3 - SQ_M1 500 | L : 3.600 m | concrete column
3;1;;3.2399999999999998;E;V_y;-173.29;4.96;54.12;0.85;116.70;2.89;Beam | 3 - SQ_M1 500 | L : 3.600 m | concrete column
3;5;7;0.0000000000000000;L | M;V_y;-215.18;-4.31;17.95;0.04;-17.56;8.61;Beam | 3 - SQ_M1 500 | L : 3.600 m | concrete column
3;1;;1.0800000000000001;E;V_z;-207.81;4.95;54.27;0.83;-0.40;13.60;Beam | 3 - SQ_M1 500 | L : 3.600 m | concrete column
3;23;;1.0800000000000001;E;V_z;-207.74;-1.42;-54.39;0.85;6.89;13.67;Beam | 3 - SQ_M1 500 | L : 3.600 m | concrete column
3;23;34;0.0000000000000000;L | M;M_T;-220.18;-1.43;-54.34;0.86;65.61;12.13;Beam | 3 - SQ_M1 500 | L : 3.600 m | concrete column
3;13;19;0.0000000000000000;L | M;M_T;-221.30;1.21;49.62;-0.98;-53.39;14.43;Beam | 3 - SQ_M1 500 | L : 3.600 m | concrete column
3;1;2;3.6000000000000001;L | M;M_y;-166.29;4.96;54.08;0.85;136.17;1.10;Beam | 3 - SQ_M1 500 | L : 3.600 m | concrete column
3;23;35;3.6000000000000001;L | M;M_y;-166.22;-1.38;-54.21;0.83;-130.01;17.18;Beam | 3 - SQ_M1 500 | L : 3.600 m | concrete column
3;5;8;3.6000000000000001;L | M;M_z;-161.19;-4.25;17.89;0.04;47.01;24.00;Beam | 3 - SQ_M1 500 | L : 3.600 m | concrete column
3;1;2;3.6000000000000001;L | M;M_z;-166.29;4.96;54.08;0.85;136.17;1.10;Beam | 3 - SQ_M1 500 | L : 3.600 m | concrete column
Total;;;;;;-160.88;4.96;54.27;0.86;136.17;24.00;
3;;;;;;-221.30;-4.31;-54.39;-0.98;-130.01;1.10;
;;;;;;;;;;;;
4;HEB 200 | 1 - S235;;;;;;;;;;;
4;2;2;0.0000000000000000;L | M;;-217.28;-40.44;13.41;0.03;-21.01;-56.33;Beam | 4 - HEB 200 | L : 4.000 m | steel column
4;2;;0.4444444444444444;E;;-212.37;-41.49;13.55;0.09;-15.01;-38.18;Beam | 4 - HEB 200 | L : 4.000 m | steel column
4;2;;0.8888888888888887;E;;-207.05;-42.07;13.64;0.15;-8.97;-19.66;Beam | 4 - HEB 200 | L : 4.000 m | steel column
4;2;;1.3333333333333330;R | E;;-201.33;-42.22;13.68;0.21;-2.90;-0.98;Beam | 4 - HEB 200 | L : 4.000 m | steel column
4;2;;1.7777777777777775;E;;-195.19;-41.99;13.67;0.26;3.18;17.67;Beam | 4 - HEB 200 | L : 4.000 m | steel column
4;2;;1.9999999999999998;E;;-191.97;-41.73;13.65;0.29;6.22;26.94;Beam | 4 - HEB 200 | L : 4.000 m | steel column
4;2;;2.2222222222222219;E;;-188.65;-41.40;13.62;0.32;9.25;36.14;Beam | 4 - HEB 200 | L : 4.000 m | steel column
4;2;;2.6666666666666665;R | E;;-181.69;-40.51;13.53;0.38;15.29;54.28;Beam | 4 - HEB 200 | L : 4.000 m | steel column
4;2;;3.1111111111111112;E;;-174.32;-39.35;13.41;0.44;21.28;71.98;Beam | 4 - HEB 200 | L : 4.000 m | steel column
4;2;;3.5555555555555558;E;;-166.51;-37.98;13.27;0.50;27.21;89.16;Beam | 4 - HEB 200 | L : 4.000 m | steel column
4;2;3;3.9999999999999996;L | M;;-158.27;-36.44;13.10;0.56;33.09;105.76;Beam | 4 - HEB 200 | L : 4.000 m | steel column
4;4;5;0.0000000000000000;L | M;;-87.96;-0.06;5.97;-0.02;-6.38;-0.19;Beam | 4 - HEB 200 | L : 4.000 m | steel column
4;4;;0.4444444444444444;E;;-83.27;-0.06;5.99;-0.02;-3.72;-0.17;Beam | 4 - HEB 200 | L : 4.000 m | steel column
4;4;;0.8888888888888887;E;;-78.08;-0.06;6.00;-0.02;-1.06;-0.14;Beam | 4 - HEB 200 | L : 4.000 m | steel column
4;4;;1.3333333333333330;R | E;;-72.41;-0.05;6.00;-0.03;1.61;-0.12;Beam | 4 - HEB 200 | L : 4.000 m | steel column
4;4;;1.7777777777777775;E;;-66.23;-0.05;5.99;-0.03;4.27;-0.10;Beam | 4 - HEB 200 | L : 4.000 m | steel column
4;4;;1.9999999999999998;E;;-62.96;-0.05;5.99;-0.03;5.60;-0.09;Beam | 4 - HEB 200 | L : 4.000 m | steel column
4;4;;2.2222222222222219;E;;-59.57;-0.05;5.98;-0.03;6.92;-0.07;Beam | 4 - HEB 200 | L : 4.000 m | steel column
4;4;;2.6666666666666665;R | E;;-52.41;-0.04;5.97;-0.03;9.57;-0.05;Beam | 4 - HEB 200 | L : 4.000 m | steel column
4;4;;3.1111111111111112;E;;-44.76;-0.04;5.96;-0.03;12.21;-0.03;Beam | 4 - HEB 200 | L : 4.000 m | steel column
4;4;;3.5555555555555558;E;;-36.61;-0.03;5.95;-0.04;14.85;0.00;Beam | 4 - HEB 200 | L : 4.000 m | steel column
4;4;6;3.9999999999999996;L | M;;-27.98;-0.03;5.94;-0.04;17.48;0.02;Beam | 4 - HEB 200 | L : 4.000 m | steel column
4;6;8;0.0000000000000000;L | M;;-86.45;-0.03;6.34;0.00;-8.84;-0.09;Beam | 4 - HEB 200 | L : 4.000 m | steel column
4;6;;0.4444444444444444;E;;-81.76;-0.03;6.36;0.00;-6.01;-0.08;Beam | 4 - HEB 200 | L : 4.000 m | steel column
4;6;;0.8888888888888887;E;;-76.57;-0.03;6.37;0.00;-3.18;-0.07;Beam | 4 - HEB 200 | L : 4.000 m | steel column
4;6;;1.3333333333333330;R | E;;-70.89;-0.02;6.38;0.00;-0.35;-0.06;Beam | 4 - HEB 200 | L : 4.000 m | steel column
4;6;;1.7777777777777775;E;;-64.72;-0.02;6.37;0.00;2.48;-0.05;Beam | 4 - HEB 200 | L : 4.000 m | steel column
4;6;;1.9999999999999998;E;;-61.45;-0.02;6.37;0.00;3.89;-0.05;Beam | 4 - HEB 200 | L : 4.000 m | steel column
4;6;;2.2222222222222219;E;;-58.06;-0.02;6.36;0.00;5.31;-0.04;Beam | 4 - HEB 200 | L : 4.000 m | steel column
4;6;;2.6666666666666665;R | E;;-50.90;-0.02;6.35;0.00;8.13;-0.03;Beam | 4 - HEB 200 | L : 4.000 m | steel column
4;6;;3.1111111111111112;E;;-43.24;-0.02;6.34;0.00;10.95;-0.02;Beam | 4 - HEB 200 | L : 4.000 m | steel column
4;6;;3.5555555555555558;E;;-35.10;-0.01;6.33;-0.01;13.76;-0.01;Beam | 4 - HEB 200 | L : 4.000 m | steel column
4;6;9;3.9999999999999996;L | M;;-26.46;-0.01;6.32;-0.01;16.57;0.00;Beam | 4 - HEB 200 | L : 4.000 m | steel column
4;8;11;0.0000000000000000;L | M;;-86.45;0.01;6.34;0.00;-8.86;0.04;Beam | 4 - HEB 200 | L : 4.000 m | steel column
4;8;;0.4444444444444444;E;;-81.76;0.01;6.36;0.00;-6.03;0.04;Beam | 4 - HEB 200 | L : 4.000 m | steel column
4;8;;0.8888888888888887;E;;-76.57;0.01;6.38;0.00;-3.20;0.03;Beam | 4 - HEB 200 | L : 4.000 m | steel column
4;8;;1.3333333333333330;R | E;;-70.89;0.01;6.38;0.00;-0.36;0.03;Beam | 4 - HEB 200 | L : 4.000 m | steel column
4;8;;1.7777777777777775;E;;-64.72;0.01;6.38;0.00;2.47;0.02;Beam | 4 - HEB 200 | L : 4.000 m | steel column
4;8;;1.9999999999999998;E;;-61.45;0.01;6.37;0.00;3.88;0.02;Beam | 4 - HEB 200 | L : 4.000 m | steel column
4;8;;2.2222222222222219;E;;-58.05;0.01;6.37;0.00;5.30;0.02;Beam | 4 - HEB 200 | L : 4.000 m | steel column
4;8;;2.6666666666666665;R | E;;-50.90;0.01;6.36;0.00;8.12;0.01;Beam | 4 - HEB 200 | L : 4.000 m | steel column
4;8;;3.1111111111111112;E;;-43.24;0.01;6.35;0.00;10.94;0.01;Beam | 4 - HEB 200 | L : 4.000 m | steel column
4;8;;3.5555555555555558;E;;-35.10;0.01;6.34;0.00;13.76;0.00;Beam | 4 - HEB 200 | L : 4.000 m | steel column
4;8;12;3.9999999999999996;L | M;;-26.46;0.00;6.33;0.00;16.57;0.00;Beam | 4 - HEB 200 | L : 4.000 m | steel column
4;10;14;0.0000000000000000;L | M;;-86.45;0.05;6.32;-0.01;-8.78;0.15;Beam | 4 - HEB 200 | L : 4.000 m | steel column
4;10;;0.4444444444444444;E;;-81.76;0.05;6.34;0.00;-5.96;0.14;Beam | 4 - HEB 200 | L : 4.000 m | steel column
4;10;;0.8888888888888887;E;;-76.57;0.04;6.36;0.00;-3.14;0.12;Beam | 4 - HEB 200 | L : 4.000 m | steel column
4;10;;1.3333333333333330;R | E;;-70.89;0.04;6.36;0.00;-0.31;0.10;Beam | 4 - HEB 200 | L : 4.000 m | steel column
4;10;;1.7777777777777775;E;;-64.72;0.04;6.36;0.00;2.51;0.09;Beam | 4 - HEB 200 | L : 4.000 m | steel column
4;10;;1.9999999999999998;E;;-61.45;0.04;6.35;0.00;3.92;0.08;Beam | 4 - HEB 200 | L : 4.000 m | steel column
4;10;;2.2222222222222219;E;;-58.05;0.03;6.35;0.00;5.33;0.07;Beam | 4 - HEB 200 | L : 4.000 m | steel column
4;10;;2.6666666666666665;R | E;;-50.90;0.03;6.34;0.01;8.14;0.05;Beam | 4 - HEB 200 | L : 4.000 m | steel column
4;10;;3.1111111111111112;E;;-43.24;0.03;6.32;0.01;10.95;0.03;Beam | 4 - HEB 200 | L : 4.000 m | steel column
4;10;;3.5555555555555558;E;;-35.10;0.02;6.31;0.01;13.76;0.02;Beam | 4 - HEB 200 | L : 4.000 m | steel column
4;10;15;3.9999999999999996;L | M;;-26.46;0.02;6.31;0.01;16.56;0.00;Beam | 4 - HEB 200 | L : 4.000 m | steel column
4;12;17;0.0000000000000000;L | M;;-211.64;34.46;6.35;-0.02;-8.62;41.71;Beam | 4 - HEB 200 | L : 4.000 m | steel column
4;12;;0.4444444444444444;E;;-206.82;35.19;6.40;-0.05;-5.78;26.25;Beam | 4 - HEB 200 | L : 4.000 m | steel column
4;12;;0.8888888888888887;E;;-201.56;35.55;6.44;-0.08;-2.92;10.56;Beam | 4 - HEB 200 | L : 4.000 m | steel column
4;12;;1.3333333333333330;R | E;;-195.88;35.56;6.45;-0.11;-0.05;-5.19;Beam | 4 - HEB 200 | L : 4.000 m | steel column
4;12;;1.7777777777777775;E;;-189.75;35.26;6.44;-0.13;2.81;-20.87;Beam | 4 - HEB 200 | L : 4.000 m | steel column
4;12;;1.9999999999999998;E;;-186.53;35.00;6.43;-0.15;4.24;-28.63;Beam | 4 - HEB 200 | L : 4.000 m | steel column
4;12;;2.2222222222222219;E;;-183.19;34.68;6.41;-0.16;5.66;-36.33;Beam | 4 - HEB 200 | L : 4.000 m | steel column
4;12;;2.6666666666666665;R | E;;-176.20;33.87;6.37;-0.19;8.50;-51.48;Beam | 4 - HEB 200 | L : 4.000 m | steel column
4;12;;3.1111111111111112;E;;-168.75;32.85;6.31;-0.22;11.31;-66.24;Beam | 4 - HEB 200 | L : 4.000 m | steel column
4;12;;3.5555555555555558;E;;-160.86;31.68;6.24;-0.25;14.10;-80.53;Beam | 4 - HEB 200 | L : 4.000 m | steel column
4;12;18;3.9999999999999996;L | M;;-152.51;30.37;6.16;-0.28;16.85;-94.33;Beam | 4 - HEB 200 | L : 4.000 m | steel column
4;14;20;0.0000000000000000;L | M;;-193.54;-36.83;-4.57;0.01;2.04;-49.27;Beam | 4 - HEB 200 | L : 4.000 m | steel column
4;14;;0.4444444444444444;E;;-188.69;-37.64;-4.58;-0.01;0.00;-32.76;Beam | 4 - HEB 200 | L : 4.000 m | steel column
4;14;;0.8888888888888887;E;;-183.40;-38.07;-4.57;-0.03;-2.04;-15.98;Beam | 4 - HEB 200 | L : 4.000 m | steel column
4;14;;1.3333333333333330;R | E;;-177.70;-38.15;-4.55;-0.05;-4.06;0.90;Beam | 4 - HEB 200 | L : 4.000 m | steel column
4;14;;1.7777777777777775;E;;-171.56;-37.93;-4.52;-0.07;-6.07;17.75;Beam | 4 - HEB 200 | L : 4.000 m | steel column
4;14;;1.9999999999999998;E;;-168.34;-37.71;-4.50;-0.08;-7.07;26.12;Beam | 4 - HEB 200 | L : 4.000 m | steel column
4;14;;2.2222222222222219;E;;-165.00;-37.43;-4.48;-0.09;-8.06;34.43;Beam | 4 - HEB 200 | L : 4.000 m | steel column
4;14;;2.6666666666666665;R | E;;-158.01;-36.71;-4.43;-0.11;-10.03;50.84;Beam | 4 - HEB 200 | L : 4.000 m | steel column
4;14;;3.1111111111111112;E;;-150.59;-35.79;-4.37;-0.13;-11.98;66.90;Beam | 4 - HEB 200 | L : 4.000 m | steel column
4;14;;3.5555555555555558;E;;-142.72;-34.71;-4.31;-0.15;-13.90;82.54;Beam | 4 - HEB 200 | L : 4.000 m | steel column
4;14;21;3.9999999999999996;L | M;;-134.41;-33.52;-4.25;-0.17;-15.80;97.75;Beam | 4 - HEB 200 | L : 4.000 m | steel column
4;16;23;0.0000000000000000;L | M;;-135.98;6.31;-15.23;-0.04;21.29;3.83;Beam | 4 - HEB 200 | L : 4.000 m | steel column
4;16;;0.4444444444444444;E;;-131.28;6.35;-15.31;-0.01;14.51;0.99;Beam | 4 - HEB 200 | L : 4.000 m | steel column
4;16;;0.8888888888888887;E;;-126.08;6.35;-15.35;0.03;7.71;-1.84;Beam | 4 - HEB 200 | L : 4.000 m | steel column
4;16;;1.3333333333333330;R | E;;-120.41;6.32;-15.36;0.06;0.89;-4.65;Beam | 4 - HEB 200 | L : 4.000 m | steel column
4;16;;1.7777777777777775;E;;-114.24;6.26;-15.34;0.10;-5.93;-7.43;Beam | 4 - HEB 200 | L : 4.000 m | steel column
4;16;;1.9999999999999998;E;;-110.97;6.22;-15.32;0.12;-9.33;-8.81;Beam | 4 - HEB 200 | L : 4.000 m | steel column
4;16;;2.2222222222222219;E;;-107.58;6.18;-15.29;0.13;-12.73;-10.17;Beam | 4 - HEB 200 | L : 4.000 m | steel column
4;16;;2.6666666666666665;R | E;;-100.44;6.08;-15.23;0.17;-19.50;-12.85;Beam | 4 - HEB 200 | L : 4.000 m | steel column
4;16;;3.1111111111111112;E;;-92.81;5.97;-15.14;0.20;-26.25;-15.49;Beam | 4 - HEB 200 | L : 4.000 m | steel column
4;16;;3.5555555555555558;E;;-84.69;5.86;-15.05;0.24;-32.97;-18.07;Beam | 4 - HEB 200 | L : 4.000 m | steel column
4;16;24;3.9999999999999996;L | M;;-76.08;5.76;-14.96;0.27;-39.65;-20.61;Beam | 4 - HEB 200 | L : 4.000 m | steel column
4;18;26;0.0000000000000000;L | M;;-93.54;-0.03;-6.39;0.00;8.12;-0.10;Beam | 4 - HEB 200 | L : 4.000 m | steel column
4;18;;0.4444444444444444;E;;-88.85;-0.03;-6.41;0.00;5.28;-0.09;Beam | 4 - HEB 200 | L : 4.000 m | steel column
4;18;;0.8888888888888887;E;;-83.67;-0.03;-6.42;0.00;2.43;-0.08;Beam | 4 - HEB 200 | L : 4.000 m | steel column
4;18;;1.3333333333333330;R | E;;-77.99;-0.03;-6.42;0.00;-0.42;-0.07;Beam | 4 - HEB 200 | L : 4.000 m | steel column
4;18;;1.7777777777777775;E;;-71.81;-0.03;-6.41;0.00;-3.27;-0.06;Beam | 4 - HEB 200 | L : 4.000 m | steel column
4;18;;1.9999999999999998;E;;-68.54;-0.02;-6.40;0.00;-4.69;-0.05;Beam | 4 - HEB 200 | L : 4.000 m | steel column
4;18;;2.2222222222222219;E;;-65.15;-0.02;-6.40;0.00;-6.11;-0.05;Beam | 4 - HEB 200 | L : 4.000 m | steel column
4;18;;2.6666666666666665;R | E;;-57.99;-0.02;-6.38;0.00;-8.95;-0.04;Beam | 4 - HEB 200 | L : 4.000 m | steel column
4;18;;3.1111111111111112;E;;-50.34;-0.02;-6.36;0.00;-11.78;-0.02;Beam | 4 - HEB 200 | L : 4.000 m | steel column
4;18;;3.5555555555555558;E;;-42.19;-0.02;-6.34;0.01;-14.60;-0.01;Beam | 4 - HEB 200 | L : 4.000 m | steel column
4;18;27;3.9999999999999996;L | M;;-33.56;-0.01;-6.32;0.01;-17.42;0.00;Beam | 4 - HEB 200 | L : 4.000 m | steel column
4;20;29;0.0000000000000000;L | M;;-93.54;0.01;-6.40;0.00;8.13;0.04;Beam | 4 - HEB 200 | L : 4.000 m | steel column
4;20;;0.4444444444444444;E;;-88.85;0.01;-6.42;0.00;5.29;0.04;Beam | 4 - HEB 200 | L : 4.000 m | steel column
4;20;;0.8888888888888887;E;;-83.67;0.01;-6.43;0.00;2.44;0.03;Beam | 4 - HEB 200 | L : 4.000 m | steel column
4;20;;1.3333333333333330;R | E;;-77.99;0.01;-6.42;0.00;-0.42;0.03;Beam | 4 - HEB 200 | L : 4.000 m | steel column
4;20;;1.7777777777777775;E;;-71.82;0.01;-6.41;0.00;-3.27;0.02;Beam | 4 - HEB 200 | L : 4.000 m | steel column
4;20;;1.9999999999999998;E;;-68.54;0.01;-6.41;0.00;-4.69;0.02;Beam | 4 - HEB 200 | L : 4.000 m | steel column
4;20;;2.2222222222222219;E;;-65.15;0.01;-6.40;0.00;-6.11;0.02;Beam | 4 - HEB 200 | L : 4.000 m | steel column
4;20;;2.6666666666666665;R | E;;-57.99;0.01;-6.38;0.00;-8.95;0.01;Beam | 4 - HEB 200 | L : 4.000 m | steel column
4;20;;3.1111111111111112;E;;-50.34;0.01;-6.36;0.00;-11.78;0.01;Beam | 4 - HEB 200 | L : 4.000 m | steel column
4;20;;3.5555555555555558;E;;-42.19;0.01;-6.34;0.00;-14.60;0.00;Beam | 4 - HEB 200 | L : 4.000 m | steel column
4;20;30;3.9999999999999996;L | M;;-33.56;0.01;-6.33;0.00;-17.42;0.00;Beam | 4 - HEB 200 | L : 4.000 m | steel column
4;22;32;0.0000000000000000;L | M;;-93.54;0.05;-6.38;0.00;8.05;0.17;Beam | 4 - HEB 200 | L : 4.000 m | steel column
4;22;;0.4444444444444444;E;;-88.85;0.05;-6.40;0.00;5.21;0.15;Beam | 4 - HEB 200 | L : 4.000 m | steel column
4;22;;0.8888888888888887;E;;-83.67;0.05;-6.40;0.00;2.37;0.14;Beam | 4 - HEB 200 | L : 4.000 m | steel column
4;22;;1.3333333333333330;R | E;;-77.99;0.05;-6.40;0.00;-0.47;0.12;Beam | 4 - HEB 200 | L : 4.000 m | steel column
4;22;;1.7777777777777775;E;;-71.82;0.04;-6.39;0.00;-3.31;0.10;Beam | 4 - HEB 200 | L : 4.000 m | steel column
4;22;;1.9999999999999998;E;;-68.54;0.04;-6.39;0.00;-4.73;0.09;Beam | 4 - HEB 200 | L : 4.000 m | steel column
4;22;;2.2222222222222219;E;;-65.15;0.04;-6.38;0.00;-6.14;0.08;Beam | 4 - HEB 200 | L : 4.000 m | steel column
4;22;;2.6666666666666665;R | E;;-57.99;0.03;-6.36;-0.01;-8.97;0.06;Beam | 4 - HEB 200 | L : 4.000 m | steel column
4;22;;3.1111111111111112;E;;-50.34;0.03;-6.34;-0.01;-11.79;0.04;Beam | 4 - HEB 200 | L : 4.000 m | steel column
4;22;;3.5555555555555558;E;;-42.20;0.03;-6.32;-0.01;-14.61;0.02;Beam | 4 - HEB 200 | L : 4.000 m | steel column
4;22;33;3.9999999999999996;L | M;;-33.56;0.02;-6.31;-0.01;-17.42;0.00;Beam | 4 - HEB 200 | L : 4.000 m | steel column
4;24;35;0.0000000000000000;L | M;;-218.45;36.37;-6.24;-0.01;7.39;46.46;Beam | 4 - HEB 200 | L : 4.000 m | steel column
4;24;;0.4444444444444444;E;;-213.61;37.22;-6.29;0.02;4.61;30.13;Beam | 4 - HEB 200 | L : 4.000 m | steel column
4;24;;0.8888888888888887;E;;-208.33;37.66;-6.31;0.06;1.81;13.53;Beam | 4 - HEB 200 | L : 4.000 m | steel column
4;24;;1.3333333333333330;R | E;;-202.64;37.72;-6.30;0.09;-0.99;-3.18;Beam | 4 - HEB 200 | L : 4.000 m | steel column
4;24;;1.7777777777777775;E;;-196.51;37.44;-6.28;0.13;-3.78;-19.82;Beam | 4 - HEB 200 | L : 4.000 m | steel column
4;24;;1.9999999999999998;E;;-193.29;37.17;-6.26;0.15;-5.17;-28.07;Beam | 4 - HEB 200 | L : 4.000 m | steel column
4;24;;2.2222222222222219;E;;-189.96;36.84;-6.24;0.16;-6.56;-36.25;Beam | 4 - HEB 200 | L : 4.000 m | steel column
4;24;;2.6666666666666665;R | E;;-182.97;35.98;-6.19;0.20;-9.32;-52.36;Beam | 4 - HEB 200 | L : 4.000 m | steel column
4;24;;3.1111111111111112;E;;-175.54;34.89;-6.12;0.23;-12.06;-68.04;Beam | 4 - HEB 200 | L : 4.000 m | steel column
4;24;;3.5555555555555558;E;;-167.68;33.61;-6.03;0.27;-14.76;-83.23;Beam | 4 - HEB 200 | L : 4.000 m | steel column
4;24;36;3.9999999999999996;L | M;;-159.36;32.19;-5.94;0.30;-17.43;-97.88;Beam | 4 - HEB 200 | L : 4.000 m | steel column
Extremes;10;15;3.9999999999999996;L | M;N;-26.46;0.02;6.31;0.01;16.56;0.00;Beam | 4 - HEB 200 | L : 4.000 m | steel column
4;24;35;0.0000000000000000;L | M;N;-218.45;36.37;-6.24;-0.01;7.39;46.46;Beam | 4 - HEB 200 | L : 4.000 m | steel column
4;24;;1.3333333333333330;R | E;V_y;-202.64;37.72;-6.30;0.09;-0.99;-3.18;Beam | 4 - HEB 200 | L : 4.000 m | steel column
4;2;;1.3333333333333330;R | E;V_y;-201.33;-42.22;13.68;0.21;-2.90;-0.98;Beam | 4 - HEB 200 | L : 4.000 m | steel column
4;2;;1.3333333333333330;R | E;V_z;-201.33;-42.22;13.68;0.21;-2.90;-0.98;Beam | 4 - HEB 200 | L : 4.000 m | steel column
4;16;;1.3333333333333330;R | E;V_z;-120.41;6.32;-15.36;0.06;0.89;-4.65;Beam | 4 - HEB 200 | L : 4.000 m | steel column
4;2;3;3.9999999999999996;L | M;M_T;-158.27;-36.44;13.10;0.56;33.09;105.76;Beam | 4 - HEB 200 | L : 4.000 m | steel column
4;12;18;3.9999999999999996;L | M;M_T;-152.51;30.37;6.16;-0.28;16.85;-94.33;Beam | 4 - HEB 200 | L : 4.000 m | steel column
4;2;3;3.9999999999999996;L | M;M_y;-158.27;-36.44;13.10;0.56;33.09;105.76;Beam | 4 - HEB 200 | L : 4.000 m | steel column
4;16;24;3.9999999999999996;L | M;M_y;-76.08;5.76;-14.96;0.27;-39.65;-20.61;Beam | 4 - HEB 200 | L : 4.000 m | steel column
4;2;3;3.9999999999999996;L | M;M_z;-158.27;-36.44;13.10;0.56;33.09;105.76;Beam | 4 - HEB 200 | L : 4.000 m | steel column
4;24;36;3.9999999999999996;L | M;M_z;-159.36;32.19;-5.94;0.30;-17.43;-97.88;Beam | 4 - HEB 200 | L : 4.000 m | steel column
Total;;;;;;-26.46;37.72;13.68;0.56;33.09;105.76;
4;;;;;;-218.45;-42.22;-15.36;-0.28;-39.65;-97.88;
;;;;;;;;;;;;
5;SQ_M1 500 | 4 - C24;;;;;;;;;;;
5;37;3;0.0000000000000000;L | M;;-31.64;0.41;100.64;-0.19;-92.07;2.51;Beam | 5 - SQ_M1 500 | L : 15.000 m | timber beam
5;37;;1.5000000000000000;R;;-31.98;0.37;84.92;-0.19;47.37;2.23;Beam | 5 - SQ_M1 500 | L : 15.000 m | timber beam
5;37;;3.0000000000000000;R;;-32.59;0.32;67.58;-0.20;162.01;1.95;Beam | 5 - SQ_M1 500 | L : 15.000 m | timber beam
5;37;;4.5000000000000000;R;;-33.27;0.28;48.65;-0.21;249.42;1.67;Beam | 5 - SQ_M1 500 | L : 15.000 m | timber beam
5;37;;6.0000000000000000;R;;-33.81;0.24;28.16;-0.21;307.24;1.38;Beam | 5 - SQ_M1 500 | L : 15.000 m | timber beam
5;37;;7.5000000000000000;R | E;;-34.06;0.20;6.12;-0.22;333.15;1.09;Beam | 5 - SQ_M1 500 | L : 15.000 m | timber beam
5;37;;9.0000000000000000;R;;-33.92;0.15;-17.42;-0.23;324.86;0.80;Beam | 5 - SQ_M1 500 | L : 15.000 m | timber beam
5;37;;10.5000000000000000;R;;-33.38;0.11;-42.44;-0.23;280.13;0.51;Beam | 5 - SQ_M1 500 | L : 15.000 m | timber beam
5;37;;12.0000000000000000;R;;-32.52;0.07;-68.89;-0.24;196.77;0.22;Beam | 5 - SQ_M1 500 | L : 15.000 m | timber beam
5;37;;13.5000000000000000;R;;-31.55;0.02;-96.75;-0.25;72.64;-0.07;Beam | 5 - SQ_M1 500 | L : 15.000 m | timber beam
5;37;18;15.0000000000000000;L | M;;-30.81;-0.02;-125.98;-0.25;-94.34;-0.36;Beam | 5 - SQ_M1 500 | L : 15.000 m | timber beam
5;38;21;0.0000000000000000;L | M;;-34.09;-0.14;100.82;0.27;-97.75;0.26;Beam | 5 - SQ_M1 500 | L : 15.000 m | timber beam
5;38;;1.5000000000000000;R;;-34.40;-0.10;85.10;0.27;41.97;0.17;Beam | 5 - SQ_M1 500 | L : 15.000 m | timber beam
5;38;;3.0000000000000000;R;;-35.00;-0.07;67.76;0.27;156.88;0.08;Beam | 5 - SQ_M1 500 | L : 15.000 m | timber beam
5;38;;4.5000000000000000;R;;-35.66;-0.03;48.83;0.27;244.56;-0.01;Beam | 5 - SQ_M1 500 | L : 15.000 m | timber beam
5;38;;6.0000000000000000;R;;-36.20;0.01;28.32;0.27;302.64;-0.10;Beam | 5 - SQ_M1 500 | L : 15.000 m | timber beam
5;38;;7.5000000000000000;R | E;;-36.44;0.05;6.27;0.27;328.78;-0.18;Beam | 5 - SQ_M1 500 | L : 15.000 m | timber beam
5;38;;9.0000000000000000;R;;-36.31;0.09;-17.29;0.27;320.69;-0.27;Beam | 5 - SQ_M1 500 | L : 15.000 m | timber beam
5;38;;10.5000000000000000;R;;-35.78;0.12;-42.33;0.27;276.14;-0.36;Beam | 5 - SQ_M1 500 | L : 15.000 m | timber beam
5;38;;12.0000000000000000;R;;-34.94;0.16;-68.79;0.27;192.94;-0.45;Beam | 5 - SQ_M1 500 | L : 15.000 m | timber beam
5;38;;13.5000000000000000;R;;-33.99;0.20;-96.66;0.27;68.96;-0.54;Beam | 5 - SQ_M1 500 | L : 15.000 m | timber beam
5;38;36;15.0000000000000000;L | M;;-33.28;0.24;-125.89;0.28;-97.88;-0.63;Beam | 5 - SQ_M1 500 | L : 15.000 m | timber beam
Extremes;37;18;15.0000000000000000;L | M;N;-30.81;-0.02;-125.98;-0.25;-94.34;-0.36;Beam | 5 - SQ_M1 500 | L : 15.000 m | timber beam
5;38;;7.5000000000000000;R | E;N;-36.44;0.05;6.27;0.27;328.78;-0.18;Beam | 5 - SQ_M1 500 | L : 15.000 m | timber beam
5;37;3;0.0000000000000000;L | M;V_y;-31.64;0.41;100.64;-0.19;-92.07;2.51;Beam | 5 - SQ_M1 500 | L : 15.000 m | timber beam
5;38;21;0.0000000000000000;L | M;V_y;-34.09;-0.14;100.82;0.27;-97.75;0.26;Beam | 5 - SQ_M1 500 | L : 15.000 m | timber beam
5;38;21;0.0000000000000000;L | M;V_z;-34.09;-0.14;100.82;0.27;-97.75;0.26;Beam | 5 - SQ_M1 500 | L : 15.000 m | timber beam
5;37;18;15.0000000000000000;L | M;V_z;-30.81;-0.02;-125.98;-0.25;-94.34;-0.36;Beam | 5 - SQ_M1 500 | L : 15.000 m | timber beam
5;38;36;15.0000000000000000;L | M;M_T;-33.28;0.24;-125.89;0.28;-97.88;-0.63;Beam | 5 - SQ_M1 500 | L : 15.000 m | timber beam
5;37;18;15.0000000000000000;L | M;M_T;-30.81;-0.02;-125.98;-0.25;-94.34;-0.36;Beam | 5 - SQ_M1 500 | L : 15.000 m | timber beam
5;37;;7.5000000000000000;R | E;M_y;-34.06;0.20;6.12;-0.22;333.15;1.09;Beam | 5 - SQ_M1 500 | L : 15.000 m | timber beam
5;38;36;15.0000000000000000;L | M;M_y;-33.28;0.24;-125.89;0.28;-97.88;-0.63;Beam | 5 - SQ_M1 500 | L : 15.000 m | timber beam
5;37;3;0.0000000000000000;L | M;M_z;-31.64;0.41;100.64;-0.19;-92.07;2.51;Beam | 5 - SQ_M1 500 | L : 15.000 m | timber beam
5;38;36;15.0000000000000000;L | M;M_z;-33.28;0.24;-125.89;0.28;-97.88;-0.63;Beam | 5 - SQ_M1 500 | L : 15.000 m | timber beam
Total;;;;;;-30.81;0.41;100.82;0.28;333.15;2.51;
5;;;;;;-36.44;-0.14;-125.98;-0.25;-97.88;-0.63;
;;;;;;;;;;;;
6;UU 150/75/125/8/6/12/0/0 | 5 - EN AW-3004 H14;;;;;;;;;;;
6;39;3;0.0000000000000000;L | M;;-10.68;-12.93;28.43;-0.01;-20.14;-10.89;Beam | 6 - UU 150/75/125/8/6/12/0/0 | L : 5.000 m | Aluminium beam
6;39;;0.5555555555555556;E;;-10.37;-10.82;23.14;-0.02;-5.69;-4.49;Beam | 6 - UU 150/75/125/8/6/12/0/0 | L : 5.000 m | Aluminium beam
6;39;;1.1111111111111112;E;;-10.55;-8.33;17.18;-0.02;5.64;0.65;Beam | 6 - UU 150/75/125/8/6/12/0/0 | L : 5.000 m | Aluminium beam
6;39;;1.6666666666666665;R | E;;-10.90;-5.48;10.57;-0.03;13.45;4.33;Beam | 6 - UU 150/75/125/8/6/12/0/0 | L : 5.000 m | Aluminium beam
6;39;;2.2222222222222223;E;;-11.16;-2.32;3.34;-0.03;17.41;6.34;Beam | 6 - UU 150/75/125/8/6/12/0/0 | L : 5.000 m | Aluminium beam
6;39;;2.5000000000000000;E;;-11.19;-0.63;-0.50;-0.04;17.84;6.68;Beam | 6 - UU 150/75/125/8/6/12/0/0 | L : 5.000 m | Aluminium beam
6;39;;2.7777777777777777;E;;-11.14;1.12;-4.48;-0.04;17.18;6.54;Beam | 6 - UU 150/75/125/8/6/12/0/0 | L : 5.000 m | Aluminium beam
6;39;;3.3333333333333339;R | E;;-10.83;4.76;-12.84;-0.04;12.44;4.79;Beam | 6 - UU 150/75/125/8/6/12/0/0 | L : 5.000 m | Aluminium beam
6;39;;3.8888888888888893;E;;-10.38;8.57;-21.72;-0.05;2.90;0.98;Beam | 6 - UU 150/75/125/8/6/12/0/0 | L : 5.000 m | Aluminium beam
6;39;;4.4444444444444455;E;;-10.17;12.49;-31.06;-0.05;-11.72;-4.96;Beam | 6 - UU 150/75/125/8/6/12/0/0 | L : 5.000 m | Aluminium beam
6;39;24;5.0000000000000000;L | M;;-10.86;16.45;-40.84;-0.06;-31.66;-13.07;Beam | 6 - UU 150/75/125/8/6/12/0/0 | L : 5.000 m | Aluminium beam
Extremes;39;;4.4444444444444455;E;N;-10.17;12.49;-31.06;-0.05;-11.72;-4.96;Beam | 6 - UU 150/75/125/8/6/12/0/0 | L : 5.000 m | Aluminium beam
6;39;;2.5000000000000000;E;N;-11.19;-0.63;-0.50;-0.04;17.84;6.68;Beam | 6 - UU 150/75/125/8/6/12/0/0 | L : 5.000 m | Aluminium beam
6;39;24;5.0000000000000000;L | M;V_u;-10.86;16.45;-40.84;-0.06;-31.66;-13.07;Beam | 6 - UU 150/75/125/8/6/12/0/0 | L : 5.000 m | Aluminium beam
6;39;3;0.0000000000000000;L | M;V_u;-10.68;-12.93;28.43;-0.01;-20.14;-10.89;Beam | 6 - UU 150/75/125/8/6/12/0/0 | L : 5.000 m | Aluminium beam
6;39;3;0.0000000000000000;L | M;V_v;-10.68;-12.93;28.43;-0.01;-20.14;-10.89;Beam | 6 - UU 150/75/125/8/6/12/0/0 | L : 5.000 m | Aluminium beam
6;39;24;5.0000000000000000;L | M;V_v;-10.86;16.45;-40.84;-0.06;-31.66;-13.07;Beam | 6 - UU 150/75/125/8/6/12/0/0 | L : 5.000 m | Aluminium beam
6;39;3;0.0000000000000000;L | M;M_T;-10.68;-12.93;28.43;-0.01;-20.14;-10.89;Beam | 6 - UU 150/75/125/8/6/12/0/0 | L : 5.000 m | Aluminium beam
6;39;24;5.0000000000000000;L | M;M_T;-10.86;16.45;-40.84;-0.06;-31.66;-13.07;Beam | 6 - UU 150/75/125/8/6/12/0/0 | L : 5.000 m | Aluminium beam
6;39;;2.5000000000000000;E;M_u;-11.19;-0.63;-0.50;-0.04;17.84;6.68;Beam | 6 - UU 150/75/125/8/6/12/0/0 | L : 5.000 m | Aluminium beam
6;39;24;5.0000000000000000;L | M;M_u;-10.86;16.45;-40.84;-0.06;-31.66;-13.07;Beam | 6 - UU 150/75/125/8/6/12/0/0 | L : 5.000 m | Aluminium beam
6;39;;2.5000000000000000;E;M_v;-11.19;-0.63;-0.50;-0.04;17.84;6.68;Beam | 6 - UU 150/75/125/8/6/12/0/0 | L : 5.000 m | Aluminium beam
6;39;24;5.0000000000000000;L | M;M_v;-10.86;16.45;-40.84;-0.06;-31.66;-13.07;Beam | 6 - UU 150/75/125/8/6/12/0/0 | L : 5.000 m | Aluminium beam
Total;;;;;;-10.17;16.45;28.43;-0.01;17.84;6.68;
6;;;;;;-11.19;-12.93;-40.84;-0.06;-31.66;-13.07;
;;;;;;;;;;;;
;Total max/min values with corresponding values;;;;;;;;;;;
2;27;23;4.0000000000000000;L | M;N;6.57;6.66;-24.81;-76.56;-3.48;1.25;
3;13;19;0.0000000000000000;L | M;N;-221.30;1.21;49.62;-0.98;-53.39;14.43;
4;24;;1.3333333333333330;R | E;V_y / V_u;-202.64;37.72;-6.30;0.09;-0.99;-3.18;
4;2;;1.3333333333333330;R | E;V_y / V_u;-201.33;-42.22;13.68;0.21;-2.90;-0.98;
5;38;21;0.0000000000000000;L | M;V_z / V_v;-34.09;-0.14;100.82;0.27;-97.75;0.26;
5;37;18;15.0000000000000000;L | M;V_z / V_v;-30.81;-0.02;-125.98;-0.25;-94.34;-0.36;
2;27;5;0.0000000000000000;L | M;M_T;-2.43;-7.34;54.20;76.32;-22.39;1.76;
2;27;23;4.0000000000000000;L | M;M_T;6.57;6.66;-24.81;-76.56;-3.48;1.25;
5;37;;7.5000000000000000;R | E;M_y / M_u;-34.06;0.20;6.12;-0.22;333.15;1.09;
3;23;35;3.6000000000000001;L | M;M_y / M_u;-166.22;-1.38;-54.21;0.83;-130.01;17.18;
4;2;3;3.9999999999999996;L | M;M_z / M_v;-158.27;-36.44;13.10;0.56;33.09;105.76;
4;24;36;3.9999999999999996;L | M;M_z / M_v;-159.36;32.19;-5.94;0.30;-17.43;-97.88;
;;;;;;;;;;;;
Total;;;;;;6.57;37.72;100.82;76.32;333.15;105.76;
max/min;;;;;;-221.30;-42.22;-125.98;-76.56;-130.01;-97.88;
